-- MySQL dump 10.13  Distrib 5.7.11, for Linux (x86_64)
--
-- Host: localhost    Database: BetterU
-- ------------------------------------------------------
-- Server version	5.7.11

/*!40101 SET @OLD_CHARACTER_SET_CLIENT=@@CHARACTER_SET_CLIENT */;
/*!40101 SET @OLD_CHARACTER_SET_RESULTS=@@CHARACTER_SET_RESULTS */;
/*!40101 SET @OLD_COLLATION_CONNECTION=@@COLLATION_CONNECTION */;
/*!40101 SET NAMES utf8 */;
/*!40103 SET @OLD_TIME_ZONE=@@TIME_ZONE */;
/*!40103 SET TIME_ZONE='+00:00' */;
/*!40014 SET @OLD_UNIQUE_CHECKS=@@UNIQUE_CHECKS, UNIQUE_CHECKS=0 */;
/*!40014 SET @OLD_FOREIGN_KEY_CHECKS=@@FOREIGN_KEY_CHECKS, FOREIGN_KEY_CHECKS=0 */;
/*!40101 SET @OLD_SQL_MODE=@@SQL_MODE, SQL_MODE='NO_AUTO_VALUE_ON_ZERO' */;
/*!40111 SET @OLD_SQL_NOTES=@@SQL_NOTES, SQL_NOTES=0 */;

--
-- Table structure for table `Challenges`
--

DROP TABLE IF EXISTS `Challenges`;
/*!40101 SET @saved_cs_client     = @@character_set_client */;
/*!40101 SET character_set_client = utf8 */;
CREATE TABLE `Challenges` (
  `Name` varchar(255) NOT NULL,
  `ChallengeType` varchar(255) DEFAULT NULL,
  `Description` varchar(255) DEFAULT NULL,
  `GoalType` int(11) DEFAULT NULL,
  `Ind` int(11) DEFAULT NULL,
  `PointsAwarded` int(11) DEFAULT NULL,
  PRIMARY KEY (`Name`)
) ENGINE=InnoDB DEFAULT CHARSET=latin1;
/*!40101 SET character_set_client = @saved_cs_client */;

--
-- Dumping data for table `Challenges`
--

LOCK TABLES `Challenges` WRITE;
/*!40000 ALTER TABLE `Challenges` DISABLE KEYS */;
/*!40000 ALTER TABLE `Challenges` ENABLE KEYS */;
UNLOCK TABLES;

--
-- Table structure for table `DailyChallenges`
--

DROP TABLE IF EXISTS `DailyChallenges`;
/*!40101 SET @saved_cs_client     = @@character_set_client */;
/*!40101 SET character_set_client = utf8 */;
CREATE TABLE `DailyChallenges` (
  `ChallengeName` varchar(255) NOT NULL,
  `Description` varchar(255) NOT NULL,
  `ChallengeType` varchar(255) NOT NULL,
  `PointsAwarded` int(11) NOT NULL,
  `Ind` int(11) NOT NULL,
  PRIMARY KEY (`ChallengeName`)
) ENGINE=InnoDB DEFAULT CHARSET=latin1;
/*!40101 SET character_set_client = @saved_cs_client */;

--
-- Dumping data for table `DailyChallenges`
--

LOCK TABLES `DailyChallenges` WRITE;
/*!40000 ALTER TABLE `DailyChallenges` DISABLE KEYS */;
INSERT INTO `DailyChallenges` VALUES ('Bike-Crunches-1','Do 3 sets of 15 bike-crunches.','Core',10,4),('Bike-Crunches-2','Do 3 sets of 20 bike-crunches.','Core',20,5),('Bike-Crunches-3','Do 3 sets of 10 bike-crunches.','Core',30,6),('Burpee-1','Do 3 sets of 10 burpees.','Cardio',10,11),('Burpee-2','Do 3 sets of 15 burpees.','Cardio',20,12),('Burpee-3','Do 3 sets of 20 burpees.','Cardio',30,13),('Chin-ups-1','Do 3 sets of 3 chin-ups.','Upper',10,4),('Chin-ups-2','Do 3 sets of 5 chin-ups.','Upper',20,5),('Chin-ups-3','Do 3 sets of 7 chin-ups.','Upper',30,6),('Crunches-1','Do 3 sets of 10 crunches.','Core',10,1),('Crunches-2','Do 3 sets of 15 crunches.','Core',20,2),('Crunches-3','Do 3 sets of 20 crunches.','Core',30,3),('Dips-1','Do 3 sets of 10 dips.','Upper',10,7),('Dips-2','Do 3 sets of 12 dips.','Upper',20,8),('Dips-3','Do 3 sets of 15 dips.','Upper',30,9),('Jumping-Jacks-1','Do 3 sets of 15 jumping jacks.','Lower',10,7),('Jumping-Jacks-2','Do 3 sets of 30 jumping jacks.','Lower',20,8),('Jumping—Jacks-3','Do 3 sets of 45 jumping jacks.','Lower',30,9),('Lunges-1','Do 3 sets of 15 bodyweight lunges.','Lower',10,4),('Lunges-2','Do 3 sets of 25 bodyweight lunges.','Lower',20,5),('Lunges-3','Do 3 sets of 35 bodyweight lunges.','Lower',30,6),('Mt.Climbers-1','Do 3 sets of 20 Mt.Climbers.','Core',10,10),('Mt.Climbers-2','Do 3 sets of 30 Mt.Climbers.','Core',20,11),('Mt.Climbers-3','Do 3 sets of 40 Mt.Climbers.','Core',30,12),('Plank-1','Hold 2 planks for 60 seconds.','Core',10,7),('Plank-2','Hold 2 planks for 90 seconds.','Core',20,8),('Plank-3','Hold 3 planks for 120 seconds.','Core',30,9),('Pulls-ups-1','Do 3 sets of 5 pull-ups.','Upper',10,10),('Pulls-ups-2','Do 3 sets of 8 pull-ups.','Upper',20,11),('Pulls-ups-3','Do 3 sets of 10 pull-ups.','Upper',30,12),('Push-up-1','Do 3 sets of 10 pushups.','Upper',10,1),('Push-up-2','Do 4 sets of 10 pushups.','Upper',20,2),('Push-up-3','Do 5 sets of 10 pushups.','Upper',30,3),('Run-1','Run 1 mile in 10 minutes.','Cardio',10,4),('Run-2','Run 1 mile in 9 minutes.','Cardio',20,5),('Run-3','Run 1 mile in 8 minutes.','Cardio',30,6),('Run-4','Run 1 mile in 7 minutes.','Cardio',40,7),('Sprint-1','Do 4 100 yard sprints.','Cardio',10,8),('Sprint-2','Do 6 100 yard sprints.','Cardio',20,9),('Sprint-3','Do 8 100 yard sprints.','Cardio',30,10),('Squat-Jogs-1','Run 400 yards as a squat-jog.','Lower',10,10),('Squat-Jogs-2','Run 500 yards as a squat-jog.','Lower',20,11),('Squat-Jogs-3','Run 600 yards as a squat-jog.','Lower',30,12),('Squat-Jogs-4','Run 800 yards as a squat-jog.','Lower',40,13),('Squats-1','Do 3 sets of 10 bodyweight squats.','Lower',10,1),('Squats-2','Do 3 sets of 20 bodyweight squats.','Lower',20,2),('Squats-3','Do 3 sets of 30 bodyweight squats.','Lower',30,3),('Walk-1','Walk for 15 minutes.','Cardio',10,1),('Walk-2','Walk for 20 minutes.','Cardio',20,2),('Walk-3','Walk for 25 minutes.','Cardio',30,3);
/*!40000 ALTER TABLE `DailyChallenges` ENABLE KEYS */;
UNLOCK TABLES;

--
-- Table structure for table `Photo`
--

DROP TABLE IF EXISTS `Photo`;
/*!40101 SET @saved_cs_client     = @@character_set_client */;
/*!40101 SET character_set_client = utf8 */;
CREATE TABLE `Photo` (
  `id` int(10) unsigned NOT NULL AUTO_INCREMENT,
  `extension` enum('jpeg','jpg','png') NOT NULL,
  `user_id` int(11) DEFAULT NULL,
  PRIMARY KEY (`id`),
  KEY `user_id` (`user_id`),
  CONSTRAINT `Photo_ibfk_1` FOREIGN KEY (`user_id`) REFERENCES `User` (`id`) ON DELETE CASCADE
) ENGINE=InnoDB DEFAULT CHARSET=latin1;
/*!40101 SET character_set_client = @saved_cs_client */;

--
-- Dumping data for table `Photo`
--

LOCK TABLES `Photo` WRITE;
/*!40000 ALTER TABLE `Photo` DISABLE KEYS */;
/*!40000 ALTER TABLE `Photo` ENABLE KEYS */;
UNLOCK TABLES;

--
-- Table structure for table `Progress`
--

DROP TABLE IF EXISTS `Progress`;
/*!40101 SET @saved_cs_client     = @@character_set_client */;
/*!40101 SET character_set_client = utf8 */;
CREATE TABLE `Progress` (
  `UserId` int(11) NOT NULL,
  `LogDate` int(11) NOT NULL,
  `CaloriesIn` int(11) DEFAULT NULL,
  `CaloriesOut` int(11) DEFAULT NULL,
  `Miles` int(11) DEFAULT NULL,
  `Steps` int(11) DEFAULT NULL,
  `Weight` double DEFAULT '0',
  PRIMARY KEY (`UserId`,`LogDate`),
  CONSTRAINT `Progress_ibfk_1` FOREIGN KEY (`UserId`) REFERENCES `User` (`id`) ON DELETE CASCADE
) ENGINE=InnoDB DEFAULT CHARSET=latin1;
/*!40101 SET character_set_client = @saved_cs_client */;

--
-- Dumping data for table `Progress`
--

LOCK TABLES `Progress` WRITE;
/*!40000 ALTER TABLE `Progress` DISABLE KEYS */;
INSERT INTO `Progress` VALUES (1,1527119,0,0,0,0,0),(1,1461110400,2170,1000,8,8500,0),(1,1461744000,0,0,0,0,0),(1,1461816000,0,0,0,0,0),(1,1461883500,0,0,0,0,0),(1,1461883600,0,0,0,0,0),(1,1461883800,0,0,0,0,0),(1,1461888000,0,0,0,0,0),(1,1461888100,0,0,0,0,0),(1,1461890800,0,0,0,0,0),(1,1461890900,0,0,0,0,0),(1,1461891000,0,0,0,0,0),(1,1461902400,0,0,0,0,0),(2,1527119,0,0,0,0,0),(2,1461110400,1970,600,4,3100,0),(2,1461124800,1800,200,2,2700,0),(2,1461744000,0,0,0,0,0),(2,1461816000,0,0,0,0,0),(2,1461883500,0,0,0,0,0),(2,1461883600,0,0,0,0,0),(2,1461883800,0,0,0,0,0),(2,1461888000,0,0,0,0,0),(2,1461888100,0,0,0,0,0),(2,1461890800,0,0,0,0,0),(2,1461890900,0,0,0,0,0),(2,1461891000,0,0,0,0,0),(2,1461902400,0,0,0,0,0),(3,1527119,0,0,0,0,0),(3,1457481600,1530,180,1,2000,0),(3,1461744000,0,0,0,0,0),(3,1461816000,0,0,0,0,0),(3,1461883500,0,0,0,0,0),(3,1461883600,0,0,0,0,0),(3,1461883800,0,0,0,0,0),(3,1461888000,0,0,0,0,0),(3,1461888100,0,0,0,0,0),(3,1461890800,0,0,0,0,0),(3,1461890900,0,0,0,0,0),(3,1461891000,0,0,0,0,0),(3,1461902400,0,0,0,0,0),(4,1527119,0,0,0,0,0),(4,1459468800,1620,0,0,5000,0),(4,1461744000,0,0,0,0,0),(4,1461816000,0,0,0,0,0),(4,1461883500,0,0,0,0,0),(4,1461883600,0,0,0,0,0),(4,1461883800,0,0,0,0,0),(4,1461888000,0,0,0,0,0),(4,1461888100,0,0,0,0,0),(4,1461890800,0,0,0,0,0),(4,1461890900,0,0,0,0,0),(4,1461891000,0,0,0,0,0),(4,1461902400,0,0,0,0,0),(5,1527119,0,0,0,0,0),(5,1457481600,1800,200,2,2700,0),(5,1457913600,1800,200,2,2700,0),(5,1459468800,1800,200,2,2700,0),(5,1460332800,1800,200,2,2700,0),(5,1460592000,1800,200,2,2700,0),(5,1461110400,0,200,2,2700,0),(5,1461744000,0,0,0,0,0),(5,1461816000,0,0,0,0,0),(5,1461883500,0,0,0,0,0),(5,1461883600,0,0,0,0,0),(5,1461883800,0,0,0,0,0),(5,1461888000,0,0,0,0,0),(5,1461888100,0,0,0,0,0),(5,1461890800,0,0,0,0,0),(5,1461890900,0,0,0,0,0),(5,1461891000,0,0,0,0,0),(5,1461902400,0,0,0,0,0),(6,1527119,0,0,0,0,0),(6,1461744000,0,0,0,0,0),(6,1461816000,0,0,0,0,0),(6,1461883500,0,0,0,0,0),(6,1461883600,0,0,0,0,0),(6,1461883800,0,0,0,0,0),(6,1461888000,0,0,0,0,0),(6,1461888100,0,0,0,0,0),(6,1461890800,0,0,0,0,0),(6,1461890900,0,0,0,0,0),(6,1461891000,0,0,0,0,0),(6,1461902400,0,0,0,0,0),(7,1527119,0,0,0,0,0),(7,1461744000,0,0,0,0,0),(7,1461816000,0,0,0,0,0),(7,1461883500,0,0,0,0,0),(7,1461883600,0,0,0,0,0),(7,1461883800,0,0,0,0,0),(7,1461888000,0,0,0,0,0),(7,1461888100,0,0,0,0,0),(7,1461890800,0,0,0,0,0),(7,1461890900,0,0,0,0,0),(7,1461891000,0,0,0,0,0),(7,1461902400,0,0,0,0,0),(8,1527119,0,0,0,0,0),(8,1461744000,0,0,0,0,0),(8,1461816000,0,0,0,0,0),(8,1461883500,0,0,0,0,0),(8,1461883600,0,0,0,0,0),(8,1461883800,0,0,0,0,0),(8,1461888000,0,0,0,0,0),(8,1461888100,0,0,0,0,0),(8,1461890800,0,0,0,0,0),(8,1461890900,0,0,0,0,0),(8,1461891000,0,0,0,0,0),(8,1461902400,0,0,0,0,0),(9,1527119,0,0,0,0,0),(9,1461744000,0,0,0,0,0),(9,1461816000,0,0,0,0,0),(9,1461883500,0,0,0,0,0),(9,1461883600,0,0,0,0,0),(9,1461883800,0,0,0,0,0),(9,1461888000,0,0,0,0,0),(9,1461888100,0,0,0,0,0),(9,1461890800,0,0,0,0,0),(9,1461890900,0,0,0,0,0),(9,1461891000,0,0,0,0,0),(9,1461902400,0,0,0,0,0),(10,1527119,0,0,0,0,0),(10,1461744000,0,0,0,0,0),(10,1461816000,0,0,0,0,0),(10,1461883500,0,0,0,0,0),(10,1461883600,0,0,0,0,0),(10,1461883800,0,0,0,0,0),(10,1461888000,0,0,0,0,0),(10,1461888100,0,0,0,0,0),(10,1461890800,0,0,0,0,0),(10,1461890900,0,0,0,0,0),(10,1461891000,0,0,0,0,0),(10,1461902400,0,0,0,0,0),(11,1527119,0,0,0,0,0),(11,1461744000,0,0,0,0,0),(11,1461816000,0,0,0,0,0),(11,1461883500,0,0,0,0,0),(11,1461883600,0,0,0,0,0),(11,1461883800,0,0,0,0,0),(11,1461888000,0,0,0,0,0),(11,1461888100,0,0,0,0,0),(11,1461890800,0,0,0,0,0),(11,1461890900,0,0,0,0,0),(11,1461891000,0,0,0,0,0),(11,1461902400,0,0,0,0,0),(12,1527119,0,0,0,0,0),(12,1461744000,0,0,0,0,0),(12,1461816000,0,0,0,0,0),(12,1461883500,0,0,0,0,0),(12,1461883600,0,0,0,0,0),(12,1461883800,0,0,0,0,0),(12,1461888000,0,0,0,0,0),(12,1461888100,0,0,0,0,0),(12,1461890800,0,0,0,0,0),(12,1461890900,0,0,0,0,0),(12,1461891000,0,0,0,0,0),(12,1461902400,0,0,0,0,0),(13,1527119,0,0,0,0,0),(13,1461744000,0,0,0,0,0),(13,1461816000,0,0,0,0,0),(13,1461883500,0,0,0,0,0),(13,1461883600,0,0,0,0,0),(13,1461883800,0,0,0,0,0),(13,1461888000,0,0,0,0,0),(13,1461888100,0,0,0,0,0),(13,1461890800,0,0,0,0,0),(13,1461890900,0,0,0,0,0),(13,1461891000,0,0,0,0,0),(13,1461902400,0,0,0,0,0),(14,1456808400,2164,2378,3,6328,0),(14,1456894800,2404,2221,1,2946,0),(14,1456981200,1789,2286,4,8148,0),(14,1457067600,1612,1693,5,10373,0),(14,1457154000,2444,1963,2,4982,0),(14,1457240400,2439,1938,4,8274,0),(14,1457326800,1620,2333,2,4826,0),(14,1457413200,2331,2009,1,2187,0),(14,1457499600,2214,2419,3,6169,0),(14,1457586000,2293,2025,5,10368,0),(14,1457672400,1757,1546,3,6357,0),(14,1457758800,1795,2100,1,2584,0),(14,1457845200,1720,1675,3,6624,0),(14,1457928000,2394,1758,4,8214,0),(14,1458014400,1900,2212,2,4864,0),(14,1458100800,2097,2226,4,8143,0),(14,1458187200,2270,1823,5,10437,0),(14,1458273600,1547,1722,3,6865,0),(14,1458360000,1709,1743,2,4976,0),(14,1458446400,1679,1992,1,2764,0),(14,1458532800,2200,1732,3,6374,0),(14,1458619200,2401,1716,2,4754,0),(14,1458705600,2054,1691,1,2774,0),(14,1458792000,1537,1652,4,8325,0),(14,1458878400,2000,2190,2,4865,0),(14,1458964800,2086,1803,4,8315,0),(14,1459051200,1592,2300,2,4826,0),(14,1459137600,2474,2244,5,10439,0),(14,1459224000,1827,1588,3,6285,0),(14,1459310400,1931,2198,1,2984,0),(14,1459396800,2398,2233,2,4868,0),(14,1459483200,1984,2199,4,8934,0),(14,1459569600,1805,1924,4,8835,0),(14,1459656000,2227,2313,3,9823,0),(14,1459742400,2038,1947,1,2844,0),(14,1459828800,2396,1658,2,4552,0),(14,1459915200,2125,1887,5,10936,0),(14,1460001600,1952,2392,2,4002,0),(14,1460088000,2128,1755,3,6545,0),(14,1460174400,1694,2027,2,4833,0),(14,1460260800,1603,2077,1,2115,0),(14,1460347200,1954,1933,4,8466,0),(14,1460433600,2088,1801,2,2985,0),(14,1460520000,1814,1744,1,2338,0),(14,1460606400,2387,1644,4,8164,0),(14,1460692800,1745,2278,2,4008,0),(14,1460779200,1997,2325,1,2970,0),(14,1460865600,2456,1563,1,2994,0),(14,1460952000,2377,1611,4,8922,0),(14,1461038400,1871,2321,2,8305,0),(14,1461124800,2241,1773,1,2997,0),(14,1461211200,2224,1689,5,10885,0),(14,1461297600,1573,2053,2,4064,0),(14,1461384000,2328,1883,2,4336,0),(14,1461470400,2466,2307,4,8437,0),(14,1461556800,2399,1883,5,10996,0),(14,1461643200,2191,2112,1,2988,0),(14,1461729600,2403,2234,2,4007,0),(14,1462075200,1190,112,0,0,200),(14,1786319376,272,0,0,0,0),(14,1786320029,525,0,0,0,0),(14,1786320050,345,0,0,0,0),(15,1527119,0,0,0,0,0),(15,1461744000,0,0,0,0,0),(15,1461883500,0,0,0,0,0),(15,1461883600,0,0,0,0,0),(15,1461883800,0,0,0,0,0),(15,1461888000,0,0,0,0,0),(15,1461888100,0,0,0,0,0),(15,1461890800,0,0,0,0,0),(15,1461890900,0,0,0,0,0),(15,1461891000,0,0,0,0,0),(16,1527119,0,0,0,0,0),(16,1461744000,0,0,0,0,0),(16,1461883500,0,0,0,0,0),(16,1461883600,0,0,0,0,0),(16,1461883800,0,0,0,0,0),(16,1461888000,0,0,0,0,0),(16,1461888100,0,0,0,0,0),(16,1461890800,0,0,0,0,0),(16,1461890900,0,0,0,0,0),(16,1461891000,0,0,0,0,0),(17,1527119,0,0,0,0,0),(17,1461744000,0,0,0,0,0),(17,1461883500,0,0,0,0,0),(17,1461883600,0,0,0,0,0),(17,1461883800,0,0,0,0,0),(17,1461888000,0,0,0,0,0),(17,1461888100,0,0,0,0,0),(17,1461890800,0,0,0,0,0),(17,1461890900,0,0,0,0,0),(17,1461891000,0,0,0,0,0),(18,1527119,0,0,0,0,0),(18,1461744000,0,0,0,0,0),(18,1461883500,0,0,0,0,0),(18,1461883600,0,0,0,0,0),(18,1461883800,0,0,0,0,0),(18,1461888000,0,0,0,0,0),(18,1461888100,0,0,0,0,0),(18,1461890800,0,0,0,0,0),(18,1461890900,0,0,0,0,0),(18,1461891000,0,0,0,0,0),(19,1527119,0,0,0,0,0),(19,1461744000,0,0,0,0,0),(19,1461883500,0,0,0,0,0),(19,1461883600,0,0,0,0,0),(19,1461883800,0,0,0,0,0),(19,1461888000,0,0,0,0,0),(19,1461888100,0,0,0,0,0),(19,1461890800,0,0,0,0,0),(19,1461890900,0,0,0,0,0),(19,1461891000,0,0,0,0,0),(20,1527119,0,0,0,0,0),(20,1461744000,0,0,0,0,0),(20,1461883500,0,0,0,0,0),(20,1461883600,0,0,0,0,0),(20,1461883800,0,0,0,0,0),(20,1461888000,0,0,0,0,0),(20,1461888100,0,0,0,0,0),(20,1461890800,0,0,0,0,0),(20,1461890900,0,0,0,0,0),(20,1461891000,0,0,0,0,0),(21,1527119,0,0,0,0,0),(21,1461744000,0,0,0,0,0),(21,1461883500,0,0,0,0,0),(21,1461883600,0,0,0,0,0),(21,1461883800,0,0,0,0,0),(21,1461888000,0,0,0,0,0),(21,1461888100,0,0,0,0,0),(21,1461890800,0,0,0,0,0),(21,1461890900,0,0,0,0,0),(21,1461891000,0,0,0,0,0),(22,1527119,0,0,0,0,0),(22,1461744000,0,0,0,0,0),(22,1461883500,0,0,0,0,0),(22,1461883600,0,0,0,0,0),(22,1461883800,0,0,0,0,0),(22,1461888000,0,0,0,0,0),(22,1461888100,0,0,0,0,0),(22,1461890800,0,0,0,0,0),(22,1461890900,0,0,0,0,0),(22,1461891000,0,0,0,0,0),(23,1527119,0,0,0,0,0),(23,1461744000,0,0,0,0,0),(23,1461883500,0,0,0,0,0),(23,1461883600,0,0,0,0,0),(23,1461883800,0,0,0,0,0),(23,1461888000,0,0,0,0,0),(23,1461888100,0,0,0,0,0),(23,1461890800,0,0,0,0,0),(23,1461890900,0,0,0,0,0),(23,1461891000,0,0,0,0,0),(24,1527119,0,0,0,0,0),(24,1461744000,0,0,0,0,0),(24,1461883500,0,0,0,0,0),(24,1461883600,0,0,0,0,0),(24,1461883800,0,0,0,0,0),(24,1461888000,0,0,0,0,0),(24,1461888100,0,0,0,0,0),(24,1461890800,0,0,0,0,0),(24,1461890900,0,0,0,0,0),(24,1461891000,0,0,0,0,0),(25,1527119,0,0,0,0,0),(25,1461744000,0,0,0,0,0),(25,1461883500,0,0,0,0,0),(25,1461883600,0,0,0,0,0),(25,1461883800,0,0,0,0,0),(25,1461888000,0,0,0,0,0),(25,1461888100,0,0,0,0,0),(25,1461890800,0,0,0,0,0),(25,1461890900,0,0,0,0,0),(25,1461891000,0,0,0,0,0),(26,1527119,0,0,0,0,0),(26,1461744000,0,0,0,0,0),(26,1461883500,0,0,0,0,0),(26,1461883600,0,0,0,0,0),(26,1461883800,0,0,0,0,0),(26,1461888000,0,0,0,0,0),(26,1461888100,0,0,0,0,0),(26,1461890800,0,0,0,0,0),(26,1461890900,0,0,0,0,0),(26,1461891000,0,0,0,0,0),(27,1527119,0,0,0,0,0),(27,1461744000,0,0,0,0,0),(27,1461883500,0,0,0,0,0),(27,1461883600,0,0,0,0,0),(27,1461883800,0,0,0,0,0),(27,1461888000,0,0,0,0,0),(27,1461888100,0,0,0,0,0),(27,1461890800,0,0,0,0,0),(27,1461890900,0,0,0,0,0),(27,1461891000,0,0,0,0,0),(28,1527119,0,0,0,0,0),(28,1461744000,0,0,0,0,0),(28,1461883500,0,0,0,0,0),(28,1461883600,0,0,0,0,0),(28,1461883800,0,0,0,0,0),(28,1461888000,0,0,0,0,0),(28,1461888100,0,0,0,0,0),(28,1461890800,0,0,0,0,0),(28,1461890900,0,0,0,0,0),(28,1461891000,0,0,0,0,0),(29,1527119,0,0,0,0,0),(29,1461744000,300,168,0,0,0),(29,1461883500,0,0,0,0,0),(29,1461883600,0,0,0,0,0),(29,1461883800,0,0,0,0,0),(29,1461888000,0,0,0,0,0),(29,1461888100,0,0,0,0,0),(29,1461890800,0,0,0,0,0),(29,1461890900,0,0,0,0,0),(29,1461891000,0,0,0,0,0),(30,1527119,0,0,0,0,0),(30,1461744000,0,0,0,0,0),(30,1461883500,0,0,0,0,0),(30,1461883600,0,0,0,0,0),(30,1461883800,0,0,0,0,0),(30,1461888000,0,0,0,0,0),(30,1461888100,0,0,0,0,0),(30,1461890800,0,0,0,0,0),(30,1461890900,0,0,0,0,0),(30,1461891000,0,0,0,0,0),(31,1527119,0,0,0,0,0),(31,1461744000,0,0,0,0,0),(31,1461883500,0,0,0,0,0),(31,1461883600,0,0,0,0,0),(31,1461883800,0,0,0,0,0),(31,1461888000,0,0,0,0,0),(31,1461888100,0,0,0,0,0),(31,1461890800,0,0,0,0,0),(31,1461890900,0,0,0,0,0),(31,1461891000,0,0,0,0,0),(32,1527119,0,0,0,0,0),(32,1461744000,0,0,0,0,0),(32,1461883500,0,0,0,0,0),(32,1461883600,0,0,0,0,0),(32,1461883800,0,0,0,0,0),(32,1461888000,0,0,0,0,0),(32,1461888100,0,0,0,0,0),(32,1461890800,0,0,0,0,0),(32,1461890900,0,0,0,0,0),(32,1461891000,0,0,0,0,0),(33,1527119,0,0,0,0,0),(33,1461744000,0,0,0,0,0),(33,1461883500,0,0,0,0,0),(33,1461883600,0,0,0,0,0),(33,1461883800,0,0,0,0,0),(33,1461888000,0,0,0,0,0),(33,1461888100,0,0,0,0,0),(33,1461890800,0,0,0,0,0),(33,1461890900,0,0,0,0,0),(33,1461891000,0,0,0,0,0),(34,1527119,0,0,0,0,0),(34,1461744000,0,0,0,0,0),(34,1461883500,0,0,0,0,0),(34,1461883600,0,0,0,0,0),(34,1461883800,0,0,0,0,0),(34,1461888000,0,0,0,0,0),(34,1461888100,0,0,0,0,0),(34,1461890800,0,0,0,0,0),(34,1461890900,0,0,0,0,0),(34,1461891000,0,0,0,0,0),(35,986622,0,0,0,0,0),(35,987222,0,0,0,0,0),(35,987822,0,0,0,0,0),(35,997262,0,0,0,0,0),(35,997862,0,0,0,0,0),(35,998462,0,0,0,0,0),(35,999062,0,0,0,0,0),(35,999662,0,0,0,0,0),(35,1000262,0,0,0,0,0),(35,1000862,0,0,0,0,0),(35,1001462,0,0,0,0,0),(35,1002062,0,0,0,0,0),(35,1527119,0,0,0,0,0),(35,1461744000,0,0,0,0,0),(35,1461883500,0,0,0,0,0),(35,1461883600,0,0,0,0,0),(35,1461883800,0,0,0,0,0),(35,1461888000,0,0,0,0,0),(35,1461888100,0,0,0,0,0),(35,1461890800,0,0,0,0,0),(35,1461890900,0,0,0,0,0),(35,1461891000,0,0,0,0,0),(36,1527119,0,0,0,0,0),(36,1461744000,0,0,0,0,0),(36,1461883500,0,0,0,0,0),(36,1461883600,0,0,0,0,0),(36,1461883800,0,0,0,0,0),(36,1461888000,0,0,0,0,0),(36,1461888100,0,0,0,0,0),(36,1461890800,0,0,0,0,0),(36,1461890900,0,0,0,0,0),(36,1461891000,0,0,0,0,0),(37,1527119,0,0,0,0,0),(37,1461291831,0,0,0,0,0),(37,1461292431,0,0,0,0,0),(37,1461744000,0,0,0,0,0),(37,1461883500,0,0,0,0,0),(37,1461883600,0,0,0,0,0),(37,1461883800,0,0,0,0,0),(37,1461888000,0,0,0,0,0),(37,1461888100,0,0,0,0,0),(37,1461890800,0,0,0,0,0),(37,1461890900,0,0,0,0,0),(37,1461891000,0,0,0,0,0),(38,1527119,0,0,0,0,0),(38,1461294914,0,0,0,0,0),(38,1461295514,0,0,0,0,0),(38,1461296114,0,0,0,0,0),(38,1461296714,0,0,0,0,0),(38,1461297314,0,0,0,0,0),(38,1461744000,0,0,0,0,0),(38,1461883500,0,0,0,0,0),(38,1461883600,0,0,0,0,0),(38,1461883800,0,0,0,0,0),(38,1461888000,0,0,0,0,0),(38,1461888100,0,0,0,0,0),(38,1461890800,0,0,0,0,0),(38,1461890900,0,0,0,0,0),(38,1461891000,0,0,0,0,0),(39,1527119,0,0,0,0,0),(39,1461297608,0,0,0,0,0),(39,1461744000,0,0,0,0,0),(39,1461883500,0,0,0,0,0),(39,1461883600,0,0,0,0,0),(39,1461883800,0,0,0,0,0),(39,1461888000,0,0,0,0,0),(39,1461888100,0,0,0,0,0),(39,1461890800,0,0,0,0,0),(39,1461890900,0,0,0,0,0),(39,1461891000,0,0,0,0,0),(40,1527119,0,0,0,0,0),(40,1461744000,0,0,0,0,0),(40,1461883500,0,0,0,0,0),(40,1461883600,0,0,0,0,0),(40,1461883800,0,0,0,0,0),(40,1461888000,0,0,0,0,0),(40,1461888100,0,0,0,0,0),(40,1461890800,0,0,0,0,0),(40,1461890900,0,0,0,0,0),(40,1461891000,0,0,0,0,0),(41,1527119,0,0,0,0,0),(41,1461744000,0,0,0,0,0),(41,1461883500,0,0,0,0,0),(41,1461883600,0,0,0,0,0),(41,1461883800,0,0,0,0,0),(41,1461888000,0,0,0,0,0),(41,1461888100,0,0,0,0,0),(41,1461890800,0,0,0,0,0),(41,1461890900,0,0,0,0,0),(41,1461891000,0,0,0,0,0),(42,1527119,0,0,0,0,0),(42,1461744000,0,0,0,0,0),(42,1461883500,0,0,0,0,0),(42,1461883600,0,0,0,0,0),(42,1461883800,0,0,0,0,0),(42,1461888000,0,0,0,0,0),(42,1461888100,0,0,0,0,0),(42,1461890800,0,0,0,0,0),(42,1461890900,0,0,0,0,0),(42,1461891000,0,0,0,0,0),(43,1527119,0,0,0,0,0),(43,1461744000,0,0,0,0,0),(43,1461883500,0,0,0,0,0),(43,1461883600,0,0,0,0,0),(43,1461883800,0,0,0,0,0),(43,1461888000,0,0,0,0,0),(43,1461888100,0,0,0,0,0),(43,1461890800,0,0,0,0,0),(43,1461890900,0,0,0,0,0),(43,1461891000,0,0,0,0,0),(44,1527119,0,0,0,0,0),(44,1461744000,0,0,0,0,0),(44,1461883500,0,0,0,0,0),(44,1461883600,0,0,0,0,0),(44,1461883800,0,0,0,0,0),(44,1461888000,0,0,0,0,0),(44,1461888100,0,0,0,0,0),(44,1461890800,0,0,0,0,0),(44,1461890900,0,0,0,0,0),(44,1461891000,0,0,0,0,0),(45,1527119,0,0,0,0,0),(45,1461744000,0,0,0,0,0),(45,1461883500,0,0,0,0,0),(45,1461883600,0,0,0,0,0),(45,1461883800,0,0,0,0,0),(45,1461888000,0,0,0,0,0),(45,1461888100,0,0,0,0,0),(45,1461890800,0,0,0,0,0),(45,1461890900,0,0,0,0,0),(45,1461891000,0,0,0,0,0),(46,1527119,0,0,0,0,0),(46,1461744000,0,0,0,0,0),(46,1461883500,0,0,0,0,0),(46,1461883600,0,0,0,0,0),(46,1461883800,0,0,0,0,0),(46,1461888000,0,0,0,0,0),(46,1461888100,0,0,0,0,0),(46,1461890800,0,0,0,0,0),(46,1461890900,0,0,0,0,0),(46,1461891000,0,0,0,0,0),(52,1462075200,0,0,0,0,600),(53,1462075200,0,0,0,0,30),(54,1462075200,0,0,0,0,600),(55,1461470400,0,0,0,0,170),(55,1461556800,0,0,0,0,170),(55,1461643200,0,0,0,0,170),(55,1461729600,0,0,0,0,170),(55,1461816000,0,0,0,0,170),(55,1461902400,0,0,0,0,170),(55,1461988800,0,0,0,0,170);
/*!40000 ALTER TABLE `Progress` ENABLE KEYS */;
UNLOCK TABLES;

--
-- Table structure for table `User`
--

DROP TABLE IF EXISTS `User`;
/*!40101 SET @saved_cs_client     = @@character_set_client */;
/*!40101 SET character_set_client = utf8 */;
CREATE TABLE `User` (
  `id` int(11) NOT NULL AUTO_INCREMENT,
  `FirstName` varchar(255) NOT NULL,
  `LastName` varchar(255) NOT NULL,
  `Username` varchar(255) NOT NULL,
  `Password` varchar(64) NOT NULL,
  `Age` int(11) NOT NULL,
  `Gender` char(1) NOT NULL,
  `Height` int(11) NOT NULL,
  `Weight` int(11) NOT NULL,
  `Units` char(1) NOT NULL,
  `Email` varchar(255) NOT NULL,
  `Points` int(11) NOT NULL,
  `ActivityLevel` int(11) NOT NULL,
  `BMR` int(11) NOT NULL,
  `GoalType` int(11) DEFAULT NULL,
  `GoalWeight` int(11) NOT NULL,
  `ActivityGoal` varchar(255) NOT NULL,
  `DailyChallengeIndex` int(11) DEFAULT NULL,
  `DCSkipped` varchar(255) DEFAULT NULL,
  `WeeklyChallengeIndex` int(11) DEFAULT NULL,
  `WCSkipped` varchar(255) DEFAULT NULL,
  `SecurityQuestion` int(11) NOT NULL,
  `SecurityAnswer` varchar(255) NOT NULL,
  `TargetCalories` int(11) DEFAULT NULL,
  `Breakfast` varchar(255) DEFAULT NULL,
  `Lunch` varchar(255) DEFAULT NULL,
  `Dinner` varchar(255) DEFAULT NULL,
  `Snack` varchar(255) DEFAULT NULL,
  `Photo` varchar(62000) DEFAULT NULL,
  PRIMARY KEY (`id`)
) ENGINE=InnoDB AUTO_INCREMENT=58 DEFAULT CHARSET=latin1;
/*!40101 SET character_set_client = @saved_cs_client */;

--
-- Dumping data for table `User`
--

LOCK TABLES `User` WRITE;
/*!40000 ALTER TABLE `User` DISABLE KEYS */;
INSERT INTO `User` VALUES (1,'John','Doe','jdoe','password',20,'M',65,155,'I','jdoe@vt.edu',0,0,1724,4,130,'Very Active',4,'1',2,'1',3,'Virginia',1800,NULL,NULL,NULL,NULL,NULL),(2,'Ralph','Jones','rjones','password',25,'M',72,185,'I','rjones@vt.edu',0,1,2200,1,200,'Active',5,'12',6,'4',0,'Doe',NULL,NULL,NULL,NULL,NULL,NULL),(3,'Jessica','Smith','jsmith','password',22,'F',61,140,'I','jsmith@vt.edu',0,1,1800,2,160,'Slightly Active',2,'0',4,'1',5,'2005',NULL,NULL,NULL,NULL,NULL,NULL),(4,'Ralph','Thomas','rthomas','betteru',23,'M',68,160,'I','rthomas@vt.edu',0,0,1904,4,140,'Active',4,'1',2,'1',3,'Virginia',NULL,NULL,NULL,NULL,NULL,'data:image/jpeg;base64,/9j/4AAQSkZJRgABAQEBLAEsAAD/2wBDAAYEBQYFBAYGBQYHBwYIChAKCgkJChQODwwQFxQYGBcUFhYaHSUfGhsjHBYWICwgIyYnKSopGR8tMC0oMCUoKSj/2wBDAQcHBwoIChMKChMoGhYaKCgoKCgoKCgoKCgoKCgoKCgoKCgoKCgoKCgoKCgoKCgoKCgoKCgoKCgoKCgoKCgoKCj/wAARCAH0AbYDAREAAhEBAxEB/8QAHAAAAgMBAQEBAAAAAAAAAAAABAUCAwYBBwAI/8QASRAAAgEDAgMGAwYEBAQFAwMFAQIDAAQREiEFMUEGEyJRYXEygZEUI0KhscEHUmLRM3Lh8BUkQ/EIFjQ1glOiwkVjgyUmkrKz/8QAGwEAAwEBAQEBAAAAAAAAAAAAAAECAwQFBgf/xAA1EQACAgICAgEDAwEHBQEAAwAAAQIRAyESMQRBURMiYQUycYEGIzORobHRFELB4fAVUoLx/9oADAMBAAIRAxEAPwD1G3lC9a8Hjs4LLnvCq896HAdgzcSKnGalx2FnW4lkc81tGArKDxI6uZFOcPgEwqG/JxhtzWPFpjCBe7bmjaAsS665+VJx+APpLvbGcVpFfImCi7wTvV6DYRBcvnc7VLiOw6O6x1rLiUmfSXy43b51Sr2Ps8n/AIiTifi5wSQN9/aujDtnXgVI0PAgV4ZAP6B+lelDpA+zPdvT4I/Ws8vo0xmGxmsjcLsB/wAwtAUP2+GpYkCSjfepsYou9pjyqwZCmxF5yIIzvgvil3sAgZwKoCQNKvkR6H/CJ8cQul81BrfB2zHN6PY7XwO2SNxS8t1CzGHYbzVfKowO4JmjAL9iWORgCtWIS3rpHkkgnGSOtIDG9qiGvLfG4NZ5PRcBhaDEK+1UiWScc6YCbivWpfQ0Hdl1LSYAJPPYVpjJkaiOWJ5AiTQs+caRKufpmtOSurJ4Sq6PP/4n7r3bZB2GOuaif7lY10egdnLsJwCyGRkRL+leZmVCTCJb4E7nFckk2UVHiEaHJPzpK0FnV4mhOAarfYrD4LpXALeVWmwsm9ytQ2xlbXaBSM1DegKWvEJxkVkpjKheIpO9VdiPpLxG8qmxlcd4A2CKFkaETmvV0HcVSyWApm4npc5PKtI9gVycR1dMmuutEXYG96wf1rKYrC4LxicsaxeSh0Evfrp3xmnCbbHoBe+yxwNVdUc0kiXFMQrcELk4Hzo4HHZS96GYgZqq0AHPMc8z60kkBUkzBcA7k1URIr786/izimAbBd4G5FQ4XsZyTiHiCqaniUFW15k75J8qFGwYW0xKZ5U3DRNlYZsg74ppUFl6zkHYkelOkFk2uiqnVn5UmkNFPfaxsazcfZaZ572tbPF5QeldGPo7sP7TZ8G/9uh/yD9K9CPSJZm+3vwQj3rLL6NMS2YnArI3DOHj79aTF6HxG1SxA0g33pdlIS3I++arQyFUSFNHmyQgcpKliZbp2GKY+ztAqNr/AAuk0cWnH/7efzrbC/uMsy0ew3kxS1DA7nrmp87/AAWYR7Gtg5e1gYncoDU+N/hx/gso4kCVYdcVuwMle8O7ziH2nvHyU06TnHvWdK7Az3aRcX9uo3AFTk7RcRpaj7oe1WiTr9aQCXiekBnlcRxL8THp/c0m0k2yoxcnSFqXk9xEYoiYLQnZV2Z/VjXBk8iUtLSPQhgjDbVstj4cjKSM5NYUbcgPtCZb7gZjuCXuLMgq7HLNGTuD7Eg+xr0PGy81xl2jh8nEovnHpmls7trfhltGzY0oBzpZ4qzz72yM3FMnAbeuZ40WVy3bSLuedJxSEGWhYKCSdq0jEQyivsYXNEoWBa9+qJnVWTxhyF8182SdRxWc8aHZQ3ESE3ORWPALB/8AiX3nifw1axsakEHiSso0tT+m6HZWOIrvqaspY2guzk3ERpxrqIQt9B0Kbq9GQxO2a7seOkS3ZKG7IX4se9NiRclyHILEE1lNNdD0EpcgHANc80CK5LhjJsdjXRGOrQrCLZtWTiom2NMTSgjbFd9HCDDCEnH1pUAHcXBBIANGwBzIzEAHc+VKx0WrFhck74pAUSOynnsfI07GVLPpPWnfpDoZWMraQSd6VEsYJdquM04iLY7xG5HPkKdUMuMxK7Del/I6KCXZwNxUsYbBFgb/ACoSoRgO1i6eKyE9Sa1gehgf2m04UMWMP+UfpXcukSzL9vjvCPSscvo1xGN61nZuG8NGbhaTEx6/KkwQLN1zUjEtwPvjVpAcxTEaHgnDhfcP08vHnNT2hN07NBY9kheSd3HIQ+M8tqqEeWiHOtnb3sjHZuFnnYE/yjNKbjj/AHMX1Ars7Fa8Fv8A7QkrvldJBWlDPji7sicuRqbztDBc2YhhDagc5O1T5XkwljcURW7N3wJtfDLVuvdr+ldGBVjj/Ayd9uTWrAT3WN6lsDE9oRq4rCOorKfZcehtAMRD2rQkquJFijd5WCooySegpP8AI0r0YLiXEm4pebErbRn7tPP+o15+bK8jpdHqYcKxq32G2hxp/F51lRbZorNQ65A3HpTogBvYwZ2wpyQVI5jGDWmDWVE5leJ2UX6utvCqtyUbV25ezxb2xdCrtL4ya55peikNFUAqQx9qzdIdDKN27vIrSLRIHfXzQ4I6VtGKZLBE4kZB42YUPHQWQueIADnmuacQsAfiITmTvWUYWxlX2zPXY10Rg0KyP23usnJwN6mUfgdlZ4m8nwbGolj+R2RF8zOFJyKSx1sZfqYpnmK3g6JZRc3xiGcEDrircExJ7KrfjBJVAdiedYTxNFWPre9BjB5msPphZyW73zvVKNJiGVldju8nrWcuykwcEON8YrsVeziA5sasDlRfwL+Sl4VJO1T2URiswZNWMY5CmkgLbiPu1waAsXzsANgM0NjQMulyc5232qbG2Eq3djw5IqbbdiBp55AcrzNWmPsZcHdn0ltz54rKWWSNVBGkihVlydqSkNxKZ8IRyrRbM2iSy4XbOKrsgwPahtfEm3860iejgX2m24dtaRf5R+ldq6J9mS7eH76IelY5e0jXHsyYwCMkVmvg1GHD42juF7xWTIyNSkfrTqg7Q7ZcjPSlISBJ+tQUJp1xKc0xsiKpCNz2NjP/AA8EDmxoijOb2ek9mLbQHkYb4xmunGqVmEnZlu3ErrxDGpioGMCvO83ckgMk1zIXARiPOudQVbFYfDKyxnfOBWU0Fnt3Z7I4NaE//SX9K9vCqgv4GW8Q1lMpgn1q2AllMp+JRUgJbzh6y3KysPEKlq3ZSdF2jSgFUIwPbTjOq4PDrdvCu8rDqegrk8jJ/wBiO7xMX/exHaHqRXMonVOQ1tpPGM7USEjVcPlxCM5pJiaBbp1a/QAkMQc/Q1ph/wARE5v8JgvE5SWQDp1rvyLZ4SFkc6mQjOHFYTSRogwyFiM1jJehsa2zZjAzVRVEMX8VjUoc861TJM8co432rZNUB9dXCpHkYrDIrEL5py3i233FTjiaJUQil1EYO9byaSEy6VWcZHTpWSokoWPUQeQzVPekMZRQr+E561L/ACFhmtQqjyrN2h9iviTKQ2kfKrixELez2jZQT12rPkytDy2XCeMEfKs3foGGRRI4xUtEhCWwQdR7VNWMrBGnblXT+TkOqo8v71LA+WNdzRYEmdYxsRmqAX3twNLHO3l50x0Ibm6UyYPPzo4lpUdtny+wPvUMQxSN3xtUokl9kDfFzoY0xrw+JYsE7HpUOJrGQ1NwiL6+lJIqxVfXoycVrFMl7BResoGMgVolaIMlxaTvL92J5mrSqz0cP7T0GwH/ACsf+UfpXb6MjJdtlMl7Ci7s2APc1hkVtGuP2OLe2i4KgtbEBbgf41zga2bqAegHkKw8jyHjfDH/AFZ1YcKmuczksvEEbVHeXRzzDPq/I1zLPlW+TOj6WN6cUByz6mP221Rl6ywL3bj3Hwn6VrHyL/ev+SH40f8AsdAd1aFommtXE8A5so3X/MvMfpWqSkrg7MJJxdSRmpd5jmhAdC+lUI9M7BW2vg8LY5k/rWuNXEwm9npPDoe7tSB1FdC0jH2YHtqNV+3mK8ryv3jZk4lCncb5rnbEGaS4wFOMVm67A9x4KMcKtlIxiNcfSvcx/sRRdOd8dKpgLZ13NSABOm9IZnO1nFF4TwqSUEd8w0xr6+dZ5J8I2aYsbySo8fhLTTtI7EsxJJ864Um9nqtqKpDiE6QP3qzPsacNUySDHLrtWMmzWqRpJXEVurDYVMtIlK2Lra4abiWV30RtvWvibymfl/biZXxQMkmCeVd+T9x4cTPS6zc/d86m17KQ7t4XVAzE5x1rCbsZKS7eAHeskIX3V5LO3xbe9WpUKgOQPgajvTWRoKBZoJSmB71X1LEBTpKuxHhHWqjJFp0XWQzsRjyq3slhTlQmG/KpSYvyfWzKWIztWnGtkvZN5jGcgED1pSQkwWfiDBsHpUfTstEYrhLmQFwB0xS48dAajhUSOo5elc8tFoayQoq5NRuxNFEUkayZotk1QxWSNkG4rJyoaQn1qF3NdhyHUmXUN9sUUBTcXaKnP60NAJ7niSq2Q/yzQuylFsWXHFFfUoarjE0UAeFjMx5GqaBqh/w+AADp51nVozbHMSgcuVS1RJ8xxvgYqdlA094sbYPMVQ0CS8VGMaqfHZZ2KX7QQfzptUgRc1uWA0g5qeQzL8QGLxuu9ax2jux/tPRbIYtk9hXYZmU7UuI+N2bE7LIh/MVlN1JM0xrTHQHeXTSMMFiST65rzctubbPThqJdcxFRkDNRQXYlu3x8OVx/MMigpCw3HdyiRHMUq8nTl/2pxbi7TLaUlTKbi3ivzrgVIbs80GySf5fI+nKuqGRT09P/AHOTJhcNroWlGRyrqVZTghhgg1ru6Me1o9f/AIdQ/wD9vWpIG4P6104l9pzTf3M3cY0wVr6MvZ5t2vDPxCQLuDXjeY6yDZnhasrA7nzrm56BBSkJGcc+makPZ7fw8EWEIPRF/Svfj+1FH0tAAE1AANxtmpA8Q7f8aHE+NtFC+YIPAuORNcmWXKX8Ho+PDhG/kWWWFXPWlFGrYWkoJAzvSlouCs0XBQpYdPesGmzRqkEcd4ikYWMNudqznvQ4QfZXwZWZJJs/hx57ZFdPiL7/AOhy+c/sou4u5+0EEcq7MqqR4cWJ4sNcgkdayekUaK3bMRBxWTGLr+Ikkjf2rPVgArFoPw02yb2fZQnG21RdASwhwcVSZIFdhNRG2DVReykytURQCMVrG/QmDy88jz2FbIVledCk1doBfdTlgRqp6YJUVhTJvvmjjQ7J20fdvuSOopSj7FZruC3IjIVzvj2zXn5O7NExpdXZ7rOwNZxexszrcSVbgh261uoNohh0fEYlAIc1jKLDoIuEYE88V01s5QN3aIczQJCq/nY9TjHKhPZaQkmd5SdsdKtfJoigQvnJzV8kWgvh6vG4z0O9S5IUjRWc/iAJ28qhy9mLQ6SZe7/es3IEime5JGF2rO7KoU3RLvyzvzq4utjSOW9gWIJ671LyM0pDy0gWJRkelLnZIfFoI23qokswvETqv25HxfvWsFo9DH+09Ds9rdfau4zMT223vwOuBisMvZtj6G3C7pHt4ZSSS4GQfPkfzrhzJKVnfidxoZzTd6pFZ6eijN8TLIxwG+VI0QlllJJzzq1voCj7SVODyo4lJjGG4h4hpivJNE2MJcfoH8x68xW+PJ6n/mcuXDX3QPY+wlq1vwC1jkA1KuD1616ONVFI8yf7jVEYiIq30QuzAdp1UcQJFeN5kf7wJCKSVRnHOuTiIBuJApXzJo4tbGme8WJ1WMJON0HL2r349IshKeeKAAZaQGW7b8QPD+CTuhAkkBRTnG9D0rKirZ4EqsbltZyxOc+dcnCmelGWhrHjSM5wD9aqg7eg6zRS4DbYrObo0ghzJeQ2Nt4WyfKudv4N4RbexLAZLuZ7iYEqOQ86zOhr0PuzcpuJnjU7Ig5erV1+IvvZ5fn6iNuMW7GXNbZZfeeItGdKtHcjGfep5Foe2utkwRWcmIt+zsTnBrCTAou4NKE9agDK8S71CWQ4Ga1grWxaBYuIOgwTnHSreP4AKt1lu2zp+dJPj2FB62DrjX0rojL2JombMMMYolOhIEvbJhkqNv1pLJYPQjksm73DDrWymkNDK24ecAnGKHmQqLZ7FVGFFQ8pNFtrb6CDnOK5pzvsot4g7pCcE1EUrsdsyNzKROdRwehruxtLQy6C50jdsH3rOaTCjeXDEjV0NJo5BY+CSDmoeikC3EG2+aEMHSx1AtjbzqWyrLouHADLA5/Wp5By0VS2mh/CMetPk/Ycg2xtznfFNMQwY6E35CmyRReXmJQFOKhxs0ii20AeRevrQ4mi0P440WPpmsuNMTZXPKqpscH0ppCB47g9DWq0FGXud70/5/3reL9nfBfaejWv+AvtXYYmI7Zf+5fKufJ+43xdAvCbjTbvGxI0NrHz51zZo8o/wdmB1Kvkci+1SDDbVx2dPEvukjuIdWAaolaMnxFdDsBtVxVlitnJ2Iz7VolZn0RaVoznce9JxaKjJPs3vYPtw/CmWC8LSWh2I5lfUVtgzOGn0c3keOp7XZ7PZ8RteIWYms5klRhtpNejakrR5ji4umecdrbh24rIkKs7LzAGa8zyMbnkpAxZa8N4veyFYbC5UDmzoVH1NC8ScnpEDSLsXxW4lBn7mJBuSXyRvyrReBNvbBaZ6vDeW8FsiO4AUYHWvQWOi+QDfcatYOSu+rkeho4JdhbZmOO9qlgjAjVcny51Mml0XGNnmvbzjtzxaKAqxKJuUG2axlPkjeMFEycSF3U75zWDZumMHLxp5HFV6NItXs7HN3GDIxZj05CspQrs6oSvSOwTyXtyE5qOeDyrF6NaQ04ncw2sccCsAcdNzWe2JSpWzR9jeGizgNyZFle5ODpzgCtsNxkji8lqcWNeIyLq8RFaZf3HhIQEI91jpWb6LHVviOPapexNnJLtVyKOAWCXFyrLms3GgMxxVg5Na40L2IGBEwB3BP0rrcftBM2HAI0EQzjNcE9MtMaXEqxqOXKtIvQMChnUsQpHOlOfySEyR6kJAztWHOnoGKLqERkNjka2jkvRNUCfaQnX0xWq2UkXwTJNzYVm20KgwRoFBXY1k3YCnilwUBAGa2grEZ10719Tc66o6QW0VNEUbI3HrU6KTNc88rEAHao7Obor1MviyaTKJrKGADUkIsjlXcE0pIGEiRcZGc0uIimU6vKk0NHYiVznnVRfoGRuJW08s58q1aEgNrXWdRx51FlxdBnD4cNjOwpqPIuxtI6JHjUM1osSJsUXJLvhDzrOUeI0y/BEQ9qzLEE//rjjO7/vW8ejth+09Ft/8Fa6zIw/a/fibVz5f3G+LoUWUvcXKPtjOGz5HY1HRqG3iNAToOpTuuK4pR4to9CE+Sslw7jCAd1LsfKpiU4X0B8VdZMspH1rSP4JbpGfkkQMfEufcVtFezCTBJbtk2H0ztQ7XRN/II/ETHybHsani0y+Q57O9rbzh12j287Lk777fMVvBtO0YZUn2e4cI7ZW91aQTtpEjjfIBIPvXWs2jkeEax9p0mDd1ctqHIHBFUs9kPC0EDi/2lMyMwPkDg1pyvsjjQtuOKxxl4jJl/iVnochpGf4l2piaNkfSCGwy+R86xeQ0jCzMXnG47sMHOGG2c71m5/Jqo10KZJDjbEgPUVm/wAGi/JyIBTkdakdhvd6sHO+NvT1qkxWKr2B4vvGA35AfvScfk6ISXou4fcNa4d/LJxsK58sWdEJJoDadrm9aR84LY9hWTXFUacb2bvsbf6LsWZfKEgqD0NaY7bo5c6SVjniKt3hI5b9a1yPdngoTRAifJGd6i0yhg02lMDbaiiWLppJNecU11Q0C3Vy5TY70pQGLJXZyc4NKNIGgFkUSZNdHK0QNrO9MOAu+3PNcs42WpEOJ8Qd0JXfHlShD0Mhwu8RpvAzct9VVmgvQro1ttcKY+eRXC47ExZxNw5YLitYiE/2N5FJPWtlKirRKKIRkg7Gm3YFjz4GnUKhoVAN2C6kE52rSA6FgiKyYzvXQpaE0EMqhQGAzUCQ71LjlSUTnIKDK+kA49qqMLYWfTR90K2WKikK2uSpORmplCh1ZZb3rFgDy96ngJxGsBL7nfPIVlJUFWGIjHbG1OAEZIgCM4rZv0Kj6XSF2rBgBmcQnIPOtcb2UkWfahJGVxlieeeQrqi1QMKtLcMMtvXJl2Uiy4j0jpisUirM3Nvfj/OP1raPR3R/aeiQj7oV2GRhe1u/E2rnyfuN8XQlUVmalnFLh7e0tJckxsSp9CDWGZLs6vHl6KLu2W7gE9udMnUCsuzqTp7M/d3syKY5SdqqKsznIST3IJJ1P/8AEgV0xic85Udgl7xMGfB8pFx/91WoqjJy2cmglBGtCBzHUH5iji49oOafRclvltcYLEDOBzIquNoz5fI64ZeTIFRXOg8s+dAWazhnE3ijOWwCRkZ5UfkOxwnG5EfJkyOYINXbslxSL5+I/aoI1lbOds+VaRl6Zm409Gc4jwySaV9L6mXJxnnQ0noLdCUW08QAkTY8j5+lS1RSYVYBlymSM7gHfFZtGiY0gTVGC/MHFKgsOtlyc8ydqEBOa3WRGGOh3IquwTFd/ZsEPdrqOnKjzP8ApUyiaQmJbtu4ZYl3ZfiYVzyx7OyOW4mh7ALJc9oLcLkqpLsfIAVeOO9HL5M6g7PTLmIE1lKWzx6Es8ISXI86yUtgVycuVbJ2KgGdjzFapIYrvNQOd8elOXQXsEVdQ1ZO1Y2JgV2zE+D51akLRZw9WcYYZIqJumNh8sHmNqmwT+SFtAI5CVXbpSk77HdhxujFH4c/SsqtgCrxHUTkZpqAnsNtJwyYxTkmgTB7w6ck1UJWFCSSQiUHoNsVu42hh1u3fZHSs3ofRXeW4G42PmKuLsYveXxaWG461pxJod28wKg+dUoezChlbMgXlg4reEaJBb6TUdPStqvsaEd4pZtK74rFtGqRG0tWWQM+c+VZSY3EfWj6cBRmsJOzNqhh35jTPn0qOmTSIRSfaJQFHXetIty0AzXh6FR1NdCxKhoEuuFA523rKcePRa0LfsZikGCee9ZxmNjKFygAzWzjoR27nTuvWocQ7MuDrvkPm4/WhI9CP7T0aL/DFdlmRhO1f/ub1y5P3G+LoUAVHo1oZwwwXvDms7oeBicMOanzFYZUbYnpmT4jctwK8a2ilM6rzLDHyqFV6OhSbRnuM3qTvrUbHnW2OFsiTpCeS6WNNQBI9K6VE55SPkvEBXc5IzvsKaj7Jsd8Kve7bCqrRMN4zup+X71NuL0TJWNAYZCPsuF1f9Inr/SfP0O9UmpdEO12BtcNr/lkQ4ORj61DKQxtXZRKutvENQ/f9apL4BsY2yyNju8//LpVKhNj2xVkhYDBfnvWiM2yE948bq4csUOCfQ0mNF0jxSjJJwTnGMij0CQP9ijILxE86hmisvjQ6EAzk9aXqg9hcS6ccqTXoYfCgPpmhMRC5tiRldmGwzTsZmeOcL2Bt4yTks5AyamSvo0jOuzVfw7tfsVg1wygGdyuSNwFH9zVYo0mzm8mV6NK90GY4IOK4pq2cgveUSTEczWCWxUVXCkYK5NbxYilLaSU7g1o5UM+m4ZlPFms55BMhHw1QMY/KuZ5BUA3/DlAOFGauM/kTQHbW3ckYGDmrbvsEHlA4GrFRfwOiapHyyAaG2IrmhBBGB9KV7sPQrmsijhh9K15DQXaZGFIAIqZWOgie21pudzUxdMBPd2BTOcYrphILKrSNoW35U50xllxqUZOCvpRChWLVh7xyQM1vJohslwy6Rzhmxit18CkqHaXkcce7Va0RQumvu8n0R0O3opIKtbYPuxyayZZbcRBMEDArFpisqW5ETVnSb0JkjeaxscGqWN+yGg3h0+ls5AzVwXFho0FrOWXmK35oKLmkVzjOcVx5sqei0qArpF5gVlF2MS3s7R7DnXVF2iQaN5JjvkD1rOUkil2CW+97H5d4P1qkrZ3rUT0ZP8ADFdbMjCdp9+KSe9cuT9x0Y+hUKg0GdnE7WMzxrl4zqH0pOPJUOMuLPOOJyl5pTMS0mTkmufjTs6lIz96wLacn03rrxxrZnkYNHHpBRs4blWrZzlos2JUZJXHzpOasGg+xVokCnmp2NZylYJUqCGkIyBuD0IzUp0Ohpasl3GI5ziYrhWbcj0J6j338ieVdCd6Zk/t2hhaL3DgSLkgYBB50JUNOx5AY4vBqO4BBOwPrT0hXZOe67t8Etttt1piALiXKtJHsSM4J/aixq0fWV6GjbwjCnl1HrS9j9D7hWJreVVPiHiHmaHQrots5leYpJ4WHQ0IbbqwuVlhk0gjelIIuwyz8WOX1pJFN0MntSAupeflyNDjQlKykWIkbSU+KkgZr+EcAA7LXUNuh+5+/i6nP4lP0rpjFKNHLlbfZiZWKu2WNefPbMvRXZTFpjvyrDjsY1UaiMCqJegqE6TyFTIVn11OgXpWM0xAizp54rBooGvHRxjIrSJItmIAPI71pQA8twAB0NCQyv7SBudzVBROO6DNjrSaa7At1qW35+tFWIqSQJN0I9KbstbGCMHVTWSsQBfgYJJ2rog9EsBWNpPENtqpvY7omtszDxMTSsQTBZrGOWc03KxaPPbWcxsa9RGj6HNlHLNu2or5U20tmbD4LUi4yBjFZ82ybG8OEB23pLYmwbiUjBOtZtOxoz8ksivzNNR+Cy6O5fG6Yq1ohoMs5HLAnI9axyP4AdwXTovxVwzlL0UgmK80jnvUbGTe6yuSdq2x66EL7hxI21dPSJLIlxE22+DXPLbLQts1/wCehH/7g/Wt12jvX7T0VPgFdhiYTtL/AO6Se9cmT9x0YuhYoqDQ1HZO3aYOirq1HGK1xK2Z5HR5z/FDs7cdnuOyrJgwyeNGXlv0pZcXCRphy8kYGZtTcyDVKi27LIJVICOAd9h602iLGKBe7B/2KxYzvL50r9AfKmttgfpTW+hWOLJNRRieW53wa6I/kzZp4ohdW4DRqrjfVjmf2rXtGT0Kb67eIRRMA2jcY8jzxWbZaGrsk1qCpBYY3zSsdCaZ5I3K/h50N0UD2U/dyuoI0n15A+VLkTZp+BXHdxqDjwHfO2xobG9kuKS91dxyxnY9c4+VJscV6Jy38bAyuQAKcpCUaB17Z29k2B3hwceFc1Km70htI1fB+2lrcKizxMI3AOwyceeK1U2tNE/TtXFj214rZM6ssmtCc+Hp7jpSbSdj4tqmehcDUSWuYmUxXMbRMeeCQcbVvHas5pqtM8zvrYiSQHmpI2rzJPbMkgGwtmMzHON6i1Yx1ECg5UmQ9lNxMRyFCAT3kkrtzIWiS0B223G7GuZoRZMoAxmmuwF1064xnGOdaLehUK558tgNWiiUgbvWDjJyKfH2VRersGyp/Kk1Yi9ZJJTpzU1xCgy3jCnc6mpehh+hu7yBWTasdAM6sxwTvWkZElZJjj35+laaaIorW9wQGFLjQMPguA6eL5Una6GYex4frfLjYV6ikOTNLZRrGukfSnJ6MmWsVRieXlWXQgeWcjYU0hlLFpmABzS0NMJj4emMsAaHKkDOfYFZ8AH5Vk5UTZY1uYV8IGfKs7sYM0joSWBFZzjZaKTfFm0gZq4YgDLcSSjLZxW0cVCbClQZ3NGRehIKWVVTw+VcjuzWIts9+JQesgrph2jtf7T0BfgFdfRiYPtFvxOT3rkyfuZ04+gS1tpLiVY4ULuxAAFCi5OkU5KKtnqvZXhf/l/h8RvCBdzsBoBBxvXdih9NU+zknLm7MH/F7TxHj09m4yDGdIB5MKjMrm0Xi1Gzwm+4fLDI4Y4x0Nc/LizpTs5w+IKMsxPoVqXKwSoOJC7LjFR3tjPs8qV0xhtj8WfEAf5etaQohj+3GVAU7/1j966E9GbJ3F1NBju8LgbYIpOVCqzO8TvmadXK/iyR5edYvJZaiEwcSZFxnbOTvUKbHxosmvEkUkMcsQedVzHQpvZmjuw4Hh5EDqKfJ3sVGw4LIXgXIHiXSTz+tVd7QqLb8NIEj/EGBzSaBdmS7RcTaIT92zGGI8h1NEYuUqsic0Mey9yivDdrFHNH+OGRcpIp5qR6jPtzrbE3CVoyn9yL+KcRgsOK/ZrIyfZFnLW3efGqn8JPXnj1xVZpKrXpl+PyumbywgUqkyLpMm7D5VlJbNU2enfw+vTqlsHyykFl8wcdK1xNrRjlVqzPynXNIDkkk8687IqkzmRXbQAE4rFPYNl0oZdqZJUEBGSN6dsAO+iAG3M9KJOkACpEec/SsxAl1eqAcnA9apIEJJrzU5UEEVqoeykitImlJJ2FaaH0EJZlmBAOKlyGEPZlQN8elRYrKQjJJpzvQ/kB5wyBXRdY3rnnKhjOS30p4flWXKxAptBzJ3NUnQAl5BojOMVrGTFQilttc2TnPSujloSC1cxqAQOVQ18BQOsPdrsMCutNozKZphCCzEitVKxUAvfNK+AcCnxLSokA7776aG0kIugmMT42rNux1Y0S8UJsRUMloMtZVJGevlWUmTQS4Ryayk6KQuv4QV2G3lWcZNsvpAEFiC+o16GF2S2NYgqppA6V10iGVTRv3mV5Vz5JJFI4qtoOQeVcV7NI9lXDd+JW+3/UFbxW0dz/AGnoCDIAz0rrMRI3Zm64nxN3AAiLdcg1n9FykaLJxVGw4Z2a4d2ahN5NiW7/AAljkJ8q6YY44lfsylKU3RmuL9o5JOJRTBhoik1cj+tSpNysrikqMtdzrxHtDcXrNlYoncY335fvS7k5AtRo804taSXV4xCg6mJrlkm2dMaoWXCLbfdAgkc96zat6ZdlKb9c58qTdATD6TkbEUl3oEG2TjGrJUDritF82S96JXXG44gUikZiOYBq7dE6F7ccDEiRGxUuLYconBcw3fhD+IeexqHBrbK5J9Em8I571NDK2kOSKErGTaXvBG3N1O+RzFWmyXRuOyuZLcxkgFCcZ6jyzWl6on8lvaZjZQzTJnBUY/pJqqJvVGIaBZ0kDHMUgww/ekrTtIy1VML4Pp4faRxFjttqOwrVNdkpA7P/AMX7SAw7wxHc9D/vFTJ26NsapWes8EnXVFCWGoDGOtS2VTo33ZAaO1GTyC+WMbVrj/eZT/aLZwTd3DKcoXP0zXFl3Js5V1RK1Yqxx1rkq2BdI2+9VQih2AJxToOgS8ww2NRIKAHtyy+dZ2goTcUsHkBGT6YraEwBeH8Icn7zNavLRaNLa8KCxgMMisZTG0cmt1gzyqVJskXyuS2AMitFRJT3LM4bpTb0A4sgqEYblXPJFB09woXnvyrOnYMBa7AYdaviAHf3KspA55rSKAAjkVic7ECtVaEyq4DNjAzVIRY0i6Mda6eJnQsvonl2UVotDB7LhcrSgnlnyq7bQ2x/9gEUQJFc8k72TYouly/hAzQikDJFLO2lEOOW9aNatho0NhbOgAJIIFcs2LsOWIqc7k1jLaoEduEGgZGTisoxZQvB0uQdt+VdeKXElqw63Ree1dEsroEthDRKeZ+lckpNjINEFikznlikuxx7AOFwF+KQd2QcPnHWurGuTR3N/aer8L4Ye6R5FIY8s16EYGHIbTNFwmy14Tvm254qv2on9zPPe0vHXlVg7ghjtpG31FZSkaxR5xxziQYFI3DHq2eXyrJv0aL5KOxEzXd5xCFmz93y8q0x7siemU9pFSyRtLLqORWOR8UaQ2YOQmSUsTvnbNc/8mxdEEQHIUkny5UuwB7yTIOG50IbYqu5pu6J1Np9TXRCKfZlKTXRNAgXGcbc8b1LWybAEd/t7KT4WHKtWkoWZp7oJu00IrrkMBkehqYj/JbbX7NjWdR/Wplj9I1UrCpG1aWG1ZJV2UTgbLKM5PTNCXyHZ6B2WIiCB9s4NbRi6IbDe09t9rge17wDvFwPfpWiVuhJ6swkVld6cW00Tuux8W1FCcNk/wDgV7dEC5nRU6iMZ/M0rEoo0HCILSwhEdsg1+fP61DkaKNmu7LQM12GIOnmSaiO2VLo9H7Hp/zd7MCF0wsQSdq3x+2c+V/aCXCJqcx/Dk4rhnK7aOYqjGk+dYLbH2VTyDJA51VEkERiN96Yj6eIhQcVjkdFA5cKpDDFYr5ArEQkPpVKQfyEwWoj3O4ocgTCzJGqjHlU27LsU36d6SFzWkRdgBgKdcmtUDRU8oXPnRQqIwyu7ZA9amUULoJZ2dQCDtWdUUVOGXfO9VQhdxFiF2A9K3ggsHgl2GrnV8aF7G0WgIDjOfOs2rFq9gNpEGGW3FejGOjJsJ0RhsbVDWxhMTKvLFaRRL2cuJx3WDSlEaF0MPfXGw8OazhBtjbpD6w4eiAEqM1u1SM7sNaFFOVxXn5tM0RQ+AD71yctmiQDdyAcjW0UhMS3c+mU71uo6skM4e5kwSaiYwuaYpjG4qaCyKSSTv3alVztkmrx43IcVs3nYXsfNHLFf8Q0GMeJFHPPrnpXpYcXHbOiU70jY8Rv4rcMFzrHLSM5rdujOjB9rONl3wytnTy6VlN2zWKo834vfakZmzjn4m/bFZOjVIx16+py+rI5+VZvso0/8PYsjiFwWZU0gEkfOunEvtbMMnaRmO19wHvHw+QDtvXFmps6MekZwHbJHKo/Bf5OhgeQ2pNUMpuEJ3xTWtgQeET2+nH1qlJxZLjYqDG3PdS5HQE10JqWzB60WrLAPFpXVjGahwldLoLXYJd3IfwpWigK2Ux5WQMSdvyqntaKWtjKO5RsAEVhwRqpWM7CE3BTuzhgdhS42JujZcNDxXKnGFO/h5A1skQ2ajiEIu+GltP30Y1D2oSoEZ2ytUEUkkCprc6mwMEmpbLA2k0zFW1KOuOYqHIdBlhErSBtQOT1FQ2i0b3s/EY4HcgAAYyfWrj8kSNr2dxFwbikvwt3YX6mtIaiznyiWWdgDk1w8dWYkIZSTjfHnWdbEyeAW5CqJCogB70mIpvZAowOdc81ZSFNwxI33FSl8AyUMpA8IzjlSqgYUJmVRn86VEplTS7kDnQlRRxFLA77VaYyL24YZNWpFi29gAbAJrWIiu0TWRnIIpT0IYyQhAp64rnbGL7qUICGrWHRLEl7OWOFGc10wXsRRArMcDbHStgdje2uO7TDnfFYSx7HVgi3KounfNd8DFopa8KZY8qU6HGJ9DxMsd+VTC0NxOvdtK4x8NaX6Jqg6yuViAJxVJUS0OIeIjAxgiiT0R0Wm6LnY15udM2irJNG5XIbJPSvOpp2agN1GQhyADXXibfZmzPzj73Sa7k1Qh5w22CxgjY4zWE3sdBndKWCyZGTzAqVvQHpPY3gNvbWi3M1qjuyhlkdQSv/AGr1cUFGPRokO+J3yWsDadPhGBnGflWtlUeZ8d4+jSYE+jfcE5BrJyNEmZninELdo2Zpgc+1TJouKZiOJzwu5wNug086ybNaYolk8Q7oNn3zUN/Av5NJ2a4gkPCb1TKA7EHQFOfrW8GuDMpx+5GQ4tIZLhmJySeVcUncjoS0AliFxvS30UVKd/P2o/AF2AyAjel10NA+Wic4Jx5VS32JkZhFcKRKgz54qk2tolpPQFJw+2JyCw9K0WR+iHBdsktnbx7oKObYlFIpmhUjK1SnsdFVrCFYnFVJhFfA34ZJ3dygyV355qPY3tGztZ9G8u+TkEGtbIRseGus8CyIdx8Wwp9oKaAjw94phIijSSQcDY1HEfLYHxLhutxJGNJI32yDUSXsuLLOGWLl0AUA9CayaLs3NvCYoY4AM6dz6mr9UZt3s1dqEg7MzoGyZHGrby6Vr1BnPkexBJCMee3OuWVUZdkY108uWKxBlUkhVtqdE0TjuM8qTRJJiH+LeufIikRW3WTkBWV0OrIzWyxKSDg0+xUK5LghtOfaqSSCiVuyu+WP1okMLkkVUGKSHRWtwX8P51pFDs7Iqum+1bJUJspi0xnCj51lPQkHAAoSRWBQqv4FlJ8q2g2KhRLZaThN/LrXTFsRV3fd51ruPSto/gaRZGneDNDGLntZCdedq3jVGLroHmheTIHSm0NSotsbU8iM0LZLY0HDy4GxpzdE2cFsYsgjaub60kyqIBjG2d62i+XZNDSznGAScmieJMpMcQTLKNI515+SCRVkZ4DpJYCog+INCt7WIOSRWvMXYVCdtI2PKndgaXsjw+K54gTI+pUIz611eNBN2NKz1C4b7JYd0FJYjmOX/avQSNbo857WTPJbuJZQmM6UAzkVElrZSfweOcV4m63Low2zgEDb51g2zetC+W/1qQqoz46g0uQ0L7l2ZwZHAUDpiou32OgKaRQMKCTyH/ek/gEWcLukgldNsyKQSDVQdaJkvYDfsO8bw4rmfbNl0AlidjgD1o/kZIYY7fWhaF2XKPD/AG51LasaXoi66hvQ2MoeLDeEk5p3q0JogybEdRTUgordDzq+VsmtFLrlcYzVJqxEViKgEL4ulDlsVFqeFtTYG/Wjb0ikh4nEYXtBiVdS8/FWl6Djsf8AZntR3D6YIu/6MGOkGmpUwlDkjccPubfiOruOYGsBjgqfI+oqrvoydotwC5Do0bA+4JqWNMY8Lt0WUydBuAB+1TW7G2NIYpXbwRvk/wBNCTE2jQyxTJZfZljbKDLAjYk1s4vjRhNpiqexu2izHCOW65x+u351zSwyfRkLyJIWZJY2RvJhWDg49jIlAc+VL8EnBEAPShhRXPIFHPFc+RAStLtQxBO9YNfJRdcTqV9KatAxJMDJMQgxVxZLDbe2VVy2M0mOyF0Qdhg0JBYLHGysCSSPKtEmKy15cDFaXSEcTUxJHKsckr0NE5JzGvPHnmpSHYFJdAuVU5zW0IjJxLtlvzro40BCa3MgNCdBdkray0g53NEptgwKZMsFWuuOjFtlRgESksKutENnLF0LjkBmrjGhMfW+GIwBioydCSIXsQVSa4JNWamY4nP3RKiujEwo5Y3RO2a0lkXQcTS8Md9Oo4zXBlaKQbNK2nG9cyGwQxFpPEa0UhDDhVn9qvEhRCzMcACt8MObFR6rwLhsfDoES3iAIGpm6E+tetCCgqRqlQJ2gnfS32mRhp8QCnAPpV+ho807UcSZ1bu9SA7MR/eok7ZaR5Vxqdmd+5DDzAFYy30arRnhdgSFnDL55NYJo0dlkV4rFhGqtnzov8DoHmbWcONK88aqXrYFbFYzqJZCOnU/LpVLQmfNMJlyAfM5rKcdlR0UFcnbl5VKd9+hssVSMfrSY0XLj1zUv4GSGBvgUuugONErHbNKw7KXjIJJGKFIZQye2a0UrQmiIjUnYU7slk+72wAc8htR2DQuutQkCyIdAJzjr8q3hX9Sbd9FtikVwpARgQcYYcqmaaNYU0PrC0kS0WW2PiLYJHSoxptt/BeSXGkb/sxbSW1vqbaR/wCbrtXQlRySdsPfu2ctNMMMPEg3GfSlYzVcFERt5BHlcAZLA4HqKa6JejU9mbES3nfyy95HENZXBGw96vHFXbInLVIDNnZ3EnEriLiS/eyairxMNPpud6JKMr2Zu6ENzZShmNrcRSN0CSaGPyP96wlH4ZmicX2oqFuWkI6a9/oayk5VTGX4BGKyvZLKpMgYzVDFd8SGPUVnOgAVnCgLjx6s59PKpaXGqEGo0koAztWD0DYRBEoxqFSpbAsllCDArRKxAGS7kiqEEMNKcsmkmCAijGQHcU/wUwlAVBxUMkFu2YjbrVRHZXa2JY6iDnyrpg9FDG2tSZN+VXJjHC2aCIYFZWSCNCqtuKqIzPEhRrxXb0Yi29utmA5VqtoVCmK6cXAVScE9KmcuJfE1vDpvDud8VyZM1kpIvuiShBO1cjnb0MzPEoQZPOtoSYJkLZVjYYxVsr0aHh8wGkDfPOsJRcuhDc6WAyKPpP2FlEowQBzPLFL6YWeh9heCoIFuRJl2GM4Ow+depgxqMbNIr2am8uYLSDulLM4HTfUfOulFM837T8SjiiJcuWOSdJ5fX96ltFJHkPG+Ma52xO2kHcNtmsnI0SEd3d98gZlEijbw7/U1LkmUlRnL5xnwDHpyrJrejRWCRzlW2Yk+R5Umr2MKE2lQTnX5g8qla6Kq+wcnJJDb9TTsn+SmOZoZQCQVPPenXJUAbkMuVOxrJqiyKthtyalUwvZehBO2aXQFobA3zSZR0EHOGz6Gp6AtChxuDnzNDXsQJcLpJyGO34etVGxMo0OSCgYA779Kq/QUXRxlQNUm/Ok6YE3tkmXxc6UZUJqypeFywnXAQ3mD1Fa877KTobdm1kX/ABidAOdNClUhydo39pcwvGQ2Qhxgqd/StuRg4tPRNEglkURRtITvjHOlfwGzdcHtlS1X7vuQdgNxVr8kNm84PDHb8AuZnUs5BAIJyPWto6VmUuzHWd5cf8NkaV3bU5GHAbA+dZObStiloXXTawdogdtygKn8sj9KynO0Qg6yYgFZIwDyOMjPuORrBzp7E2QuI4y+Ae6b+rdT7HpRcW/gTBmiYHSy+meYoa4oSAru3IztXPOQ/wCRU9uokBAwaVv2KxnZoiKPOspJjRbOV55xUxQWDGMyEitYxoTOxQiJh+dUxF0gAzjbas/ZYtuWCbr9KpbAqW5ZtlG1HEh/kthRnPjG1VFAhkigIANq0WjRF8TqnvVJgy43aKuC2KVCqwKS6Vn2INWkOhBK3h9K2Ut7MRXcwd4CRzraLvoRCx4eiHUeeetLJGyrGtu4gfB5VySgLs5e34xgGsVjt2OmKLiQyHAOc1044NjWipkZVyDWzhoLCuGXUizgEHas1jUWDVmjjmllKpGjM52VQMknyxW3FMk2HA+x147rNxWQ2yAg6FwXx652X8zVR8fds0jCts3J4jBaWC21voRV8AzuSfXzrpNaoz3GuJyW4ch0U8gV2PyFO6FR5/xG/Viwbxux5ybZqLLowvGpxMrIsKvg4BTZR/eol1Ra0Y+5xE5BBx004rF6NBRcxHUWB/Y1H8gBOxjbYnbyqtS0U7osgmBI54586loYQxLLsSfY1F+hgsib7VaYmtn1vMYWAbdD+VNpSEn8h/hfBU59KwaaKRNWOcFT8qTq9jReN9t8+QGalqvZRcsZUDVpU9ATk0hfwTUYI+N2/SlWgJtA7jI0K31qv5D8AslrJg65QM9M4o5UKj6O3TffVt060m2FB0cbEACPAxtmmlQfyGRQlY9UrAADOwq0qA+tFUHLgDJz51ToZo+ElQwMZjydsEVSJZq+C2MssyyP4VHLbGapJmcnSNfZIS4RASM4x51qvgzbNzff8p2fEJwjBScHYj2PUVtLSoyW2efQXLNZBZUEignmMH6jn71yzm6HLSKHiiYEwyaTzCy8x7MNj88Vhaa1/wDf1MgmENo0MCrAZXHIj0qGn7AHkcMSGbw9D5Uo9isstmK+Enb6/wCxVt12BVf4UZG37+1cuVe0OhBcFmc6frSTT7JLI5zGuDzpNCsp7/W+kk0IQWjhWB1Zq7Gi4TAjKik3otI6/jGayGIuJyFThSRW0FZIHbSvqGd62caQUPIWZogRWcexpF3eEKSa0oo6ZMLlTTSAX3M0j/DvWqjXYFCSkDxbGm0DRNwmjehnP0ByMkbcxg1pBgBzXIj51vVggCfiWThTk1m4JmiiD95JLvqzmk4JILoutciTc5q4RSE3aG1vZT3FwkcULuzEAIoyST6VclS0JKz0LgPYKXQknFEFtyOk7sB645VjHA5bmaRj8m34facN4OGazt4I3xp7xvjPsTy+VdKjGP7S1FIncXYlQCdjvkgDcD3qv5H/AAZ/jfGIbNcoPFg4Zvi+gzik3Q0jE3t9czSNIkcecZLy56+XpSVjMte8SnmkZSneBNsQptUNtlJJGb4n9on8OoRoPwjwmolbLVITX0MaAEqM9d8VMqBWxXMwYkBSrDbzrNloX3CnO+Tj0xQigbBDYGfar7F0WhyBz3qXGxpk2BK7sBnzqdsZEoQDjJ9aL9CqjsLPC6gZYHbSN/pSe+g6G8ajH3hycfAp3HuelZSiNO+i2M5ysQCDmQu31NQ/aRX8hCRgEF9yeQXmanb2Oy5WXdSFwOYHIe5607p0In3bHdBz5sRimBNLaJjtGpP4iedVQFxgAA7tFUelHGw6IPIsWdi7eRp9IFsqklmlYB9h0A2oYJB9hbGVsHJNUkNuja8B4KjMsjjGkCtIxvbMZS+DY26BAqpv5VbZBtOznCHiVLq5GAd1FbQi1tmUpekH9ppddhMx28J5Cqn0TE874FiTh7MqqV1nIU+Ft+Y8j6VyS0VLom8PXPh5g+dc8lRkfFmiQ6T6jyzSTAAmLCVtOcHcfP8A3+VX7EE2kjYww5cqO0FnbrxqVPnkelc818jADaDfPyrJOiWimWzO+c4o5CYO8JHIAnNCZNE4UdV8Q5mnZSQbawZGWNLkX0XyqvdnHOhfArEd1bmYkYrSLoRdw3hul9R396pyBbHC2gVdhU2WUSW+52zVqQwGeNgCApFWmI5BbkjlWnMXRyW0xzFLkgF9yy5wa0dN2c7FF6cnCnatIRb2NfkVzRzSEjOR5Vsky00VR8Pcvvmqr2DkO7LhU0y4giMh5bdKmhdm57L/AML5LwrccbuvskBziJPjPzIwKtQ+S1B+z0rhnD+F8EiEPC7WGPG3eMcsfXPOr/g1UUgfiHE1jG2RKOshAC+n77UrGJ7rin4GlXUN9bJ8PrvQMR8b4y0ulVnZtuibGhsEhHe8QPegLpVwMtlP2oYIUXdy0spM0jPEPwBcA/QfpS97K9CPiM0j5RUUIPwg4AqW7GkJpY20HBEW2edZvSLTEt5GjH7sFj/M+wrNu+h7XYnuUAcaGyeuBSe+iugV8bAk7dM5qbGVEDoCPUU7+Q6IFSp3OKpb0BLYD98UNgEwxMcE+AEdf1qKCyxmWHAt+oOXbmf7Cl/AHYYG3csVGfbNS9lBUF0WOlRsNtR5UnEAxAGGEJC8iw5sfIVm18AXqoXAxjyXy9TS6HYVCd9jlR+dOwGEQTGGAx1qkxUFpBFKo3xmqsNk14QpK93pOTvR2K6JtwVu8BxlfTekkPkPOEcKSNg7DGfOrj+SZSNPaoBhE2HI1d30Q0bPsvwxJJkYpqwetb4oGU2bSbKkL0A2xyrZmSEHaVscMmPXSazn0VE847LPiwnRhhC5OK5MnWxy6HQKumkHxc1PnWPemZFBjJ2POosCBtxpUnGdxTu0iHssit9x+lWlaFZKeNAOQqJQoOQBOVXlg1g0VZWzhlwSDWbv0FFEioNxS7A5GwYgNnFNIYbGY9OnYmkxPZ9KiketJSCgbuAzagTn9K1T9AFRJp5bU07GWGXAwOY61cYWMGedc4Jq+NDKtm5kUxMIi0qpzyqX2IDu5QGGMUIpGFe98G78uVdaj8GNFH2gMcnlXVFUqChjZhNJJwSa0SJ6HHAeAXnGb1Y7aCTQ22sLt8s06HGPI9b7M9muF9moGd9d1xAbMx6ew5D3oVI2jCgi84i95IykqqgYwG2AoNBDd8T0gxwxtIEGzEHT8sUrsdCSTiAWAvO8ClDyRST7UrGLLu/e6bw28rIN9T7D6UXYCfiU4kcy3lzsnwo2QKTrtsavpGevL+OJS7PueShtTH2HIUrrsdWIJuLXcjd3aRtFGTgszfXNZcpM0UUtspa5mRiryfJdv1ovdCoruZ2WMKrkZ8yTmpmykLSxbLO2SfTYVG12OrYHM6hMKoGeW9FgkByZOwAHr51Mex9FeVY9fem/wM+KZJxgdM0RYUSTKkCJQXPJ2GT7+lXyS0iaPmZj4UZmJO5PNjU2NIvgiCkO27Hy3+lQ2CJu+onvNwDjSDkfOl+GN/JZCjytjYAZJx0FTIYXqFuQIsa8bDotLVh2RjmkXIcZ9RUv0h0MbeaMKpY4weRHWk2Og+NwVHiHnvTQ+w23U76WoQDqyTkS2McxVIljS3UKuM5IqhdjCHU+NsCjbJdIc8Mh1SDbO9awiRJnp3B4DDw5WCpgDOccvpXbFUjlfYWG1DJBGfWkAj7Uf+2TDzBrOfRUTzzgTAcNYr5muXL+0cv2hKTKDpJ26Vio2ZBEbmRdXUHDf3oatWDIPOFwPU1KRLPlvADzya3USGiu8uD3edQ9qiQjP3l041YbasWrLRRa3bsSBnFZSihhaz+DLHNKMaY2Ui4Pekcx0q2hFsd1obdvaokgCheIQMtWajQyyKcNyNaJAGoNeCT9KdAclTKnetYsBVcxvr25A1sqopE7dsNhxUyExkgBXIFYt30IXXkZ18sinEZ5dOCo2r1OAuwUSvGc5yKcVWgo3HYjs9xPtNKGtYZBaKRrlwNPtnzrVJsnjZ75wbhdr2c4WsdkjNIww8jnLMffoKvo0jHQHxHiD2skoZoEBGTud/QedDdFJGYv+KsUCvJPobOkYC5z5VF+ihFd3zupVZkKDfSHJI9zyFK2MXXV9P8AZcwx26nO7Dxftik7rQ0tim4up2jDTSPI43A5D2wKQ9XsWXFw8hx92HXc48X1NJMekKLoqFLR6nb+dsb+gpfwMTzSkbKmk533x9ai/gpFCtpRyrBmb8TdBU9Jh2L7iXWSUJY8snrWT30a9EFZ1UmRiBj4SdhQtE1ZWZUKnbUB1PKmmhUweTSSCMmlZWikjJ8hQmB8MkDA39edNu+wLipA0LkseZNT0OiccOlCxbCjm3mfIU+XsmvgreUjZc49ev8ApR2FHyeLQiruTtgdaUqSKT9DJNNtFoB1EbsfM1HYIHV8yHJOc5pP8jDLRRJINXLmc0m/QwhF1y7bIDgCpfY0MoYVYZbcHlVUAbb2pXlyPyp1XQX8jyygIxqJOepNOibHMKaQoA3piGlqmRvzqlvshmh4NFqmQAZ3reC2ZSZ6Tcqltw6AqWDEAEV1PowRGPdBtipAQdr208Ll/wAp/Ss8nRUTzngPh4Tz5sawmvtHJ6OtnVtWcdGQztm55GxG9TasRRcKRz6VNUxAathsjlWsQZGRS586znEzsC4hB4ccqzLQNaw6WAycedZN29lBEkbKvUihNADKTrJUZPSrTok5IjaRkUqTArYMBjG/vTSQwvhZYMASdPTNJ0ilsfoxCbc6gKK5JGPM71omIHlfzFaroaOR4WTce4NJoGMonQjntWLED3JXPnREDyu9XoBua9liizVdguwE3aC5EnEYprexQandvCG8gOtOML7K/g94tUtODcKitLCPTbJ4QB+I/KtHpFJCrjnHJAoEJAB8JYqfD67UpMaRmuI8VMEaiGNJpjsHcAE/uKlv4KoQ8TnuQVMiRKW+LS5yPQdaHoBRdzufuoBCzHrnOk+tS+6RSS9i+SxnP/qb5CP5IRn6nOBU18sd30Q7u3jQYjKr0csST606AWXd7bRRuBht+eQT9Klz0VxdiWW5M58CESEYBfc/6VPK0VXyLrhGiXxyZ+dZsfYtuJGk+AAR+tS7e0UtaByGXxO3Llipb+RkTqcjSAPU70v5CjjL4dyo+dP2mgRWcdOZ50r+AI6d8ty6Ci36GdjBJLDHPAou+hUXJpXwgeHGT5mkOkSYtIwPIDZfSk5WOvRFotXMn50m17AnbxlFaYjGDge/pT7FW6onIwGFz68t6KroZ1ANJON+YHrU6uh2GWx0xEnGWGPcVIBlts5x5UL8AxrbqNAxgHPyq0AwiXSQwJ22xQ9bD8Di0OkD86diHVthwABmqJGdvGSNquKIkzU9moc3CDHXlXRjRjNmr4vIW4hGgYroAGnO1XLshdBsX+GKCTM9uGxwmY/0n9KzyPRcTzvs6S3BdTDfNZT3EUugrTXPejILikCKM9KQAV1Pk7Hl4TWiiAIJMsN8Votdgw2BM4zstYy2ZsqvkwueYrJoaKLVNTbgYrnkygua2DKBtijQgZrQxjYZosD42+caqObodHzWqEHGKfMRO3hRCNtxQgQwBUIAAc43qlTKBZuRNXQAesscetWrRVl+NWSTv5mqcrJBXu+4JUmk430CRH7aGPPNJQYxX2S7N3fE7lHezLREg6pThcZ58v3FetGPtkRdntpxHbR2dvEY4FGp2yefuev6Vb3/AAapUC3HEILSBu9AeQ7RxknA9ccz7nnSvQ6Mnd8duLebCffT89vhVfQdaV0Nox3E+K3V5faGk7oj+nWc+WKi23RdJKwe5muApUTA52LSgajQ7BL2ykS2qwkTktIOeDjfzIFHoE3ZS725iB7kMR+MA7D9Kkr2AXGm4AZggj8y2r5VPfZV/AqmigG+lpGzyAwtQWVTPMqHGiMHYKq7Ae9JyYkhbJAzAv8ACg3zn+9ZtKrKsWSsdegHLZ96E7HRTIp574PM5qLa7GU6gmCxJB2GarsXWzoBBznfpQ1QH256/OlY6OKgZtiSDtSukFFjgL4V6bVNhSJlMDBIHmc0+kOiaqGcYzgdKXYFyqSSW9gKi1Yyy7jzoiAyF5486r4sSBCuJMtnOadhRbFz67chSqmOw5gNBxjAwNvSk9ISLIAQ4I2zz9AaSK/kZQuc4U7cv2pp0L0NraYMuCMYG/pV2IdW66kGDyFOtC9jWxJVwpGG54oQPaHltv4sEZrZbMWa/sudMq6up51vjMpDzioH/FRhgwIB2py7JXQwT/DFUSZXtzvwuVf6T+lY5Oi4mL4VGI+AIwO2d6lr7QfRT3mX57VzOOjItY5jJBoihCu5YrK/ln966EgRGNSd+lJhYzgcBQMjFc7ZnIpv5gBzGKiT+AQJazAPudjWEo2UOY5FZNt6xpjOFlB3FUkwRVLJ4eVNxaGCNcrnHI9aaQmz6O4B9apdiLGuVVeuKtRofYHLeliR58qtIZCGQ6/SqaAOZToyOVSmIQcSEhfw8q6cdVsuJVAkpG2eVVJRK6Pc+F2MXDrWK3tIUVwMFiAGPv5e2a7/AOBJJFHGeJJYWza2SJs+Jc5z6f6YobpAkYjiXFXuAzW9oTncsfCx9d+XzzUlGbuhKsOtiI3O+X5D59aT0MX99Aj4W8bvXB+Bjy/IUv4GLbqOKNSzszNz6KB71LSKTE13cc+6ZcHfOr+1ZyZomAvLNI3iaVl6AucUtsKR9FDMVBZwoHUg4/Palsdou+06MqZlydj4xmp5DUSE00khwDHgcv8AZqXJvoql7F1y8m+cHHrms2/ka/ACUfGQq6+eeVNpiKXGkfETU/kpg7qNWWB+dNCPhsBnwg9Opp6A6GyQNs+QFTVhZdFu3i2wDsKl9j/J0DQfXpTTsCaqCckk1LGiwKckYwDST0DDLQZYMR4U3FNfgC0x6vT160xUDSwBV5H1pVQWQihKuM7Y3OfPyo/A/RdqCqqrkk7nHSlYL8hcSkliD1xin2ATGCFA6Bt96KGMrVxkqBnPTzqhD7hsgLEZ9KZMkPrcagjHZga0qyXoeWWygHY/rWsTNmn4CdM6bdfpWsTKQ84ggXjGV6gZ96cl9xK6GS7IKZJku3JI4bMR0Q/pWOQ0iYjhUrf+XWLbZND6E+gaJgMc96zaMgwMBHk8qiIMXzSRgSZXJY7HyraNE0UwyjGM0NARe8CNiuSaFQPPcl8/pUICiW9xIMLpXyq5pSChnaXo0/EBWDiOi9bzW2Cc0+NAi93Dpgc6bGCSW4HXej+SWVhGXcbVPsGzsjZGPrW0RogYC2NJxTYy61g335+VQ2MbrFmPHSo6EwQ2IeTltV86QJBMfDlQfCKh5GUbjivGIrK3T7TJDC8mcDckD+kcyfWvcbrspIx3FOLwSeKytJnYfFNcHQF+ZH6Cpv4X+ZSVdmZ4nxmYRYFwskr/AP0jnG/5UndDpCWeD7vvbqTumYZYa9yKTikgsSzcQjs1ZbYSkNzIYEn6cqlypFVYtuTeXOhiNEf4dRJz8qiSbNFSB2trtWDykrttpODip62PRwTYzqjYsfCDqzj19KLFRHKsPG7LjpUPZV/CPmeNQAoG45EVEnSopfkHlLAY1BTnOKztpDonHGGTfGnmf6jTVAUXDhixXJ26Cjl2x1oGAG55n2qWMGc4bffy25UxEBu2+T5gVWqF+C5MYz8IqRlqDBOFyfWkDJrGS2Tgmk9aGXaSB0FLYEol1AnmKSt7BhcQ+6ONs88VURFunHxfCOlMZ1o1ZR0PnT7QuilYyD6kHHpSSAjHFq8Q6mppjDVj8OB8R8/Kq36AMt4yFPUDYU1pC7DreA4LLsR1oHYbbEhtvekNmkspNQUbnI6VomZDy1JGnV8PPUK1jfRmzT9n5i0+Djngj9xW0HbM5I0V9/7x12UfpVS/cQuhlnwCqJMf2/OOEXB/oNY5Oi4mHsXB7NQ/1Gk+hPopC4QH86kzPu+KoRnanGIMU3c+SSK0URAkU7d5tmhxHRJgzN1rjy6ZNk9IBGT71iybB5cMSBTQ0dgBB3zirbTGwy0J7zxbCoe0IdQqSD/eoHdEZEYnfO1JsVlMoZjgcqEiSyOIY8XPpVWWmSICDeixgpulSXyqlGykg0X2wOqjjYui6C9y29JqhB/2xQByrNwYz7iXECZZJVto2kfIM0rkHHv/ALFe5s0VCKd47p3e68W2cJsPTmaXfYwG4/4NaBXmtoJJseFM5b3/ANik6Q9sUcRv7a6TUIo7dQdlYFsepqXT2UtCe4SF1JtFLkZ1SsukD2FL+AuhfNPJERiR223PwgVLZSSBpL1c7hjvsW5fTrUOXwVFWVTSkjOpSOYGdvpUsoFklkc+E/Raybb2UkdV2TxSOGPTpU2vY6JLcZOERAQNy1JsaOTTM641Zz/KNqnl8jopdNI+E6j1osdFTEoAvU8hRaFRUYgNJkI1enl5VVhRW/hxy38+tNCaJoceKQ+29Kx0FRR6upHlUtBZ0HS+hBluvpQgCFQkgEnJ8zQCJMBpAA8P60XrQi+D/CBxzfOB1poGEW/jJ6k7ZqltgXmNdJwRgbknpV6YugYou50+2aj2BfFCMZPIYycbmnxvYBLRZ3xjqRTaGE2kRB3G3SpSCxjEhUYG/wAqKoAy3hXSxxzORtRQnYZZs0U4TGxGxoWgZpYWwijOCdq3T0ZGm7OKFmB+R9a2gZSNPcnPFBlQMKB71Uv3ELoYD4aYjHdv/wD2i4z1QissnRUTCyr9k4LZxNjcZpLaFPSBe+wmKKMgOafYgVpFDFsjlmI86sBjw+yBGSKwyToTYfJbquDgA+1cU5WyGCzLp5Lms09k2CGIEksNya1uxoJigBXYVm2UXxQKo32NCdiYdCB51EhFjqSPSkpADHbNaLYgaSYxnd6pKyokYZHnJwcim4mlI+ltSQTtmtIgUEPGMHetaAlA7F9iOdTKKBh41lRvWVUItu76GJ83gWd15gZwp8gOtem2bC+a6NzJrbubePG0MaZkpW+xmeult2d/uQXJ5leXlnGM+1KigIRwQAu4cjmScL9BgUugBbu+gOUtxoUHJAGTn59alyHVANzcgAFlYnmFfB+dS37KSFrzYfXKgXPINz96z12OmVzTQlgFQMfMVLaspJnCcAksFz+HrWcrRaI6ojlVDY65qbKJK8QO+nI/D5/Ok7D2RkuE6IAQeYzS/Iz6LSTqckk9cUm60B82lXJUb+tGgopK5xvsKd2BXKmny500Lo5GpLZOcdBTYBisVTI3Y7AVLdAWQRaFGR4jufWjQglQAowMk00BUwKDxHep6DsshdjHt8ZOBnpVIA1VWCHAOT1pqohZeGAhbI35/OqT0Ik0Q23ycZJqgCI49thk5G1NAXxxkvkjwDn60AFwpuCRjbYe9SAwhjGBuCR1oCxjbxDmBQkI4YtMpJ50qHY2spC2lThhmrUvRDXs2nZ4feqOpNdMDnkP3lDcUYMwDfCozzxzxTbXKhLoaD4c1RBke3ahuGPk7YrLJ0XFmG4uFSO1D7ppxmnjonL0Jrpgpwm486tr4ISBWZj0BzTQyEKFnAC9aUpUQaG0CIg6VyTdiBOIXscbYJz7Vg02yewZbpHA3qKoKLWRZDleXrTv4DoMjRRHtjNZjBbmTu98jFUrEyqO93xTcbEWm9ao4DBLm6IG5wPStYJhQsku3mfSDtXQo12WlQ/4aiCFShYsRvnpWU3RTDHAVTWansBXcsckiuqLGga1nImII61UkJocwy6huN6jiIDSFjreVZVA6zSgn0IC8q7Ujd7BHtJXifXcd3E/RAAxHl6D8zS3QaFcosEBVO8KqTqfWWY/LkKFRW7AZu6fLLAhUDIOTkDzNT+RgGqEkmMqMfyruaVIdg8oaQ4LFc9OWPnUNDsFngSAEIEPm5Xf86h60irBwzgkjOnHMVP5GVmcfh0/Pas2y6Po5UfYohcdSahpdDOyW+d9SDrsM/Spoop8BbBJ+VKwouTSdhjbnmlQEXG53HsKa0x9kWAzsNPTnyoq+hFUyg4PPAyapOgZGMeMADb9ab+SQhR4uQzjr0pdof5CIuR22HruadUIJ04UkgDoOtOrGBTnLEDZcY386m/gC63kCKzc9tvShaEycLl33yRzNNDGagYXB2B29TWvokLjjwFJ3PWmgLtOCBgn0FDAZ8M4fJfzCGDTt4mZjsPWuLzvNxeFieTJ/RfJePG5ukaWDswsckEou9YRwXUxYJOehyfzr5jL/ab6kJQWOm+nZ1R8fi07Lbns3PEss9ky3MROVjUESKM7bfi59Dn0r0/A/X/HzpQyPjL8/P8A7MZ4JR6KLSPYAjkN9utfQx6OZljw6l1DbJpNaFewrh8OCoG7Z6daVqKcpOl8jdvSNfwpntyGUDWRtn8O3OvnPM/tTCDcPEXJ/L6/p8m8fDvc/wDI5byL/wCYoriaRiUzhm8iCDn0/wBK8rw/1PJHy8efyJt/Lf5N54rxuEUbdMMlfoyPEZjO3hP/AA2VBjNZz+CkYvjkEr8OtWHQVUF7FNiB0Ye9XRK32QQMTUsJDC0gz0rCcjPsMliZUOPKsExGV4kszXGQuR607URrZ9awMMFs+1ZOQMdWowviGaylJE0WTXCxJUoYmv7hXVNEgLN0HSt1HSlYEIBpAJ50mAWrE7VJILc28jxlgDitIyoaYFaW7CbDEgk1ry0WaezUog07VlIYZHGZiN9qxfYXRO6showorSMqCxNJYtFJkiu2ErGpBCPgb03EEhD9sIKy3crzXHMRBcgn1zzrZP5N6K7l57te8vNSDYrEAB9cUmm1sapAt7mRVydWThEQjA+Q50nsIgk9uwx3zhRz0nI+q0mMqkZwhEYVNI3J2ofQ0ASBxltwOmWxmoZSYOwc+KWQAfyxksT86h2UvwVyBSw8L456WH7Vm38FJHPCwOQQPMryqSitYU1nYMPXbFQMI7tFXUBnpy2qeuh0RDo/hGAf6RihKw6K+57xjvgA450mrBHyxDWMnOD+dL2MnoGsgADHM0xFPdAMRg88mnXoD4IEm8yKpIRJvxH0xmlSTAJt1wrHAJqkhBEf+HgeVNL4CwKddLbDIXelVBZxScqoB2GCPU1PWgNFw7s1xK94fHc8NhW8if4hC47xT1BU4PzGa45fqfj45vFkfFr5NHilSkgy14BxJC32i0lt2XcrMNBIHPAPP35etLL+reNBL7rv4HHFJsYwcDvJwjRojRnxBjIozWX/AO74kV97af8AAS8eSeiq64Xc2mhbqIoSfi5hvQEbV2+L52Dyv8GV/wD3wZyg49jbsgJpL9obaJ5JJAdKqOgPP0Hqdq8/9c8KflYY8FbT/wBzbx8kYNqXs1xbEsEEdzC7EkymM5UYBwurGD5kjPLnXxuTxY4nx5Jtr16OxPluhxZ2d33Bk7hzEpO6kNtnnsc4rmn+n+RKH1IRtfgX1Ip02UcZtlvLZ7kD/m0XJcDeVRzDeZA3B57EHO2Pf/s/+tTWReL5Du9J/n4f/g58+BVziJooC6Kq78sV9p5HkY/GxPLmdRX/AN//AIcEYucqiaHhHC+4geWR4yrgBCrjUjDnlfI+4O3Wvj/NeT9SxOc7jF9K/wDVr3f86O+NY2ku/Zd3gRsYKsMggdD/AL3r5VRcJ8GdPYoguQ94xO+pjXZlp4y3GjccCuzcWIU/FH4TnqOn+/Svv/7N+a/L8JKT+6Gn/wCP9DxPNx8Mlr2ZXt9dhIZEzuRivblXJI510U8Ak4ZxjgsUU76HTZhnBq4a0yZKwmXshw24UdxdaSBsM1dWT0Ze77OXVvIdEbOobAIHOoknQmyUFjPEoLROAPSueUX8ElkoJGGWs+LJFFxbozEld6xlYrImFU307Cs6sVlclzGPDyNHErsV38yupANaQgOtiwRKbvwSak55rWcElQ71scRxpoAPM+dc7WyaJoV7wKOdJokaCAd0CoFJIZR/w0skk6L4YyAcetbQ3f4KWiyNNIAqnG9lBtrzHvWM4iGekaMk9KlKhWLLvBzvXXiY0K5B4utdBRk7m4jMmYtUp6yyLqJ+XlVWvR01rYOsyuxHdO7DkXGB9Keg2iYkdWIhjZWYYJUkE+Z9KX4QfyDyIwADzbdFzv8A3o/gPYJJKxyowB0KkAj/AH71DZRTr0LjKZPJnOTSt9DIMsOol31OB5VDKWyh3bfu1yDgcudZttlKiEkcoI1bnG+OQ9KTTRSIRpkgFBgeeazat7GEMyY0uwY52wOVJuxqyLW4DaiCOu3OihrZaqnRsD4fpR6FZADKAj4ydvekkP8AJJVGdgMDO9NJehHGTTjOd9yc0aD0DuPEEG5J3AHIVS2LoIZVCKFBwMZ2506EEcNtxPJo7xUdidJZSQT8uXvg1lmyrDHnLo0xY/qOl2Ol7P3yrqAgZT4hpmBz7Vx//r+MpU2U8MjOcRjkgublJkdXjIBUjcGu6GSOVcoO0YtNaZPh9rNfTxQWyF55m0KPU8z8t/oaWbNDDB5JdIErdHqnZrhbcFhNvHcNIwYuWZcLvjIA6jI618L+o+avKyfU416PQxx4xo1MRhvYwtyupc52OCp9D0ry4ZXjmm+vYNP0URcDAiYcLmaUqxzBLgSL6A8mr1H468lc8Lv8E/Up/cLrnElvNbXCkDGCrDdWHLbzBrn8d5PFzxnFfcn/APIqSUon3COGNY2EkTsUuJADcINtPkh88cz6n0r0/wBd/UnPL9CD+1d/z/6M8GOlbDY4CiqYtjvg/X+1fPOdvZ1BVs8tuFWN2UgblTiiOacHcHQmk+x3Y30XEBouWSG8HwynZX9G/vXc3i85VlfHJ6l8/wA/89mNSxbW18A8trHZzSjBjdOcZGcH09Dt+1T5/m+Z5GSHjeX3HX8/l/P8rVFY4QScsfsHgkeFZHJOnIPPlXoTm4RbI42QuZjI2C6owGBjLH6Dy9ccq87JBTkpzaX+rNYvihbNCq29wqvKrpHrBXwud/Tl1/v0qvqpNKH+ppbfZrODXEkF3pQD78BfTfdf1/Ou/wDs55UvD8/6Eup6/r2mcXl41kxcvaLOIdjrzi12JZXCrn4SK/RJYnJ3Z5Kmki+3/hvCi574Iee1P6X5Cw1ewxVQFugMcsZp8H8iLl7K30enu76MhTyYE1S5r2JxTOP2f4rqwZLV08txn8qblNi4IHl7KzvICbWErjcCQZpd9ol4/gEfsTqdme0cZ5aZAcfnUvHB9oX0wS77EgqVS2ucnbUOlL6UPgX0hJe/w5uSpaJ5dY5Bo9qf04+mH0zN8Q/h/wAYiBYQd5nyBFHBAotDfgnAoIOHrFxThZWdFPiBB1euaHBNbRSElz2fvAxaK3bQTsM8hXM8RHCT6B7fgd2s4ZoZAetS8XpIX05D+K1miTHcMysORG4qeHH+ouEvZV3ckUbxmCQI5GoYODjlWkIpLaBJi+7QI7DRoAqnH4K/kqt5W1YBqXiAMLXOF0gNq2xmoeB9oAd4bxmP3Jx71tjxSXY7RGOzmJOY2rbiwtHnUErySNjuiRuXYnb2wdqI7Ot6LHu9CaAxwTzQ7f6/M0NhHZAyNpCoZEH0/Xal6GwaWVFU90yNg+IBgcn1NTLXQ0CmVpCVYLg8lxn86QFc0cgUawUHPCjNJoaZUsTFQNGhfMnc/KocUUmERukORrBI6ADak2PRF3z4u8IH9Oahp9jIKzA/ET6YqdsqiakjkpY0mqAuVRjx+Hz3wKX8jI6NSFRqI8uVTVjIBMEqB4j+QopgXIviA8jyprb0DRwx+F/MnIOKaXsTB+6bmu45Ek700DPiPvFXkDvjNNMTQVas8E0cqsAwbUB54pZMayxcJdMcZuL5I9J4LdQXUIORqI2B8jvXwPnYJ4Mji/R6cvuSmumR7R8Dt+KwBCe7uUGElAzgeR8x+lV+n/qOTxJWtxfaOeeNS7FfY3gU/BONyXV+FKxxlYmU5DFtifkAdvWvQ/U/1SHlYFjw9t7sjHiads29wI5Cs8B8B2K+Rr5labizoSOJKIZAcnf8qTXJUMJaQm4SaF+7lHM4yDTxZZYXaJq9MPvJ1nlguokVeIICvfYzp8iM7EjfB5j6V6eT9VSUcmNff8/H/wB/oRHF6fQHDbLCrSPIBhfEzHYjzJrx5ZJZJUttnR0ROFgKZJKylR7ZB/8Ayp17/BYUAmWwMdDWGyCi4jAGpdquEmBWvEHlg7qclpIsCNvNc/CfbmPmK9GWRThFT7j0/wAfH/AuNbQwTVOBGoKgjd/2FGfy+S4RIUaC4IYoEB0AN1yMFTXA8lbH2IL64X7fcaB4VjEY+uf3rqxxf07ejZR1Y2snJtYH1YYLseuQdjWflTljyY8ke0l/ozGNO0zb2/aLHdKxXvZVLqmd2AxqIHkCa/WvE8yPk4YZY/8Acr/5/wBTwsmJwk18Bq9oAPjiPyrp5ozLk7QWxxqVxRyQFy8bsj/1CPlTtAWLxayb/rqPcUWgstHELQ8p0phZYt1bt8M0Z/8AkKKCyxZEbk6n2NAWSyDyoGfUAVyQxS/4kSP/AJlBpVYFLcPs2+K1gP8A/GKXFfAFB4Jw4gg2cODzwMUcUBD/AIBw3IItsY8nb+9L6cfgLIS9nrGT8Mi/5W/vRwQFf/ljhxhaJkdg3MsQT+lVFcVSE0m7ZQeyXDwgRVXA5ZRTQ1aoEkil+yFtlWTuSV5Zi/1pcWgpA8/ZDUrd39l1EYBKkYpty9UJQSKF7ISZPeRWzDppcj9qlcvdD4o/KE08vcd0jsqdFRcfn/s1EpHRQNGHTxAxq3LVzP1pX8CO6myDOruOQeR9vkOZpN+2Vr0wqOR0XBRQoHQAfOhsSKHuC76UyT1Y9KLsf5OuMIS6ljUsZSoVtznB/DneopdjRZp6Rpy2B5CkOyx0CY1FM03SGMeC2cPETNCWENxjMTMfAx/lb+XPQ/WvO8vy348o/DNYY+cWyi5s57O4MV1E8Ei81dSK3xZ8eZXBktNdkbe2lvbpLa0jlnnkOESNSzMfb/eK0e9BdD9OBx8NuRFxWXvWdD3sdo4JiONvGQQWHUDbpk15Xlef9PIox3XZtjxuUbD7DhXZh00snG0mIP3ryxMuT106B+tYS/VVFdP/AE/4BYJL2L7jspdLKzW9xbPbahiV30Hf+nmT6DNa4f1bFki3LTQnjadDSz4NZxRIWCzlidfer4ZB/lz4eXTf1rg8n9Qy/VfF18HRjx1GmM5uzHBbmxWCASWcr5YS6jKFOeoO+Pnyrnx/qzWVZJ9/6EOH2uPoSR9iDZvJJxORZJF3EcR8LDodXMg+mK6vL/W5qXDHGvyyIY0+xX2isYY4bG5t8rHJG0br/K6nfHuCCPSvT/TPJ+qnGT2ic8eLI8IvHgQKrfAcr7Vz/q/iKVZF10/+Tq8LIpJ45Gu4ZxGO6PPfrk718rnwPGaThRO5vAL5FyNPI1MMT4NgloPW5CR5HP4WHpWDg26CjomWdQ6kMDScXF0waoh37ROFY+xp8FJWgqx5w5jLArAE5NceVcXQyfEQptHi+PXs22xGeXzrs8bHjivqdtdC3YRfcLkFuZ7Tx6sO8RGTkDcr58htSyuKlQ4TvTFttc96JDyAY43ztXNPHxpFSXwTeXIxUqJJRBEXn1dK0lKlQ29UPbfSI8YAI3rmkyaKOJXghtXkJ3Udegp4oOcki4xsQWVtd3KEpBJI7nWwVSzAeZ8q9mWKVUukXKcUqs0NmNEUccisGXKsp2I361z+VLFcHLaXo5op7GlkypcxyEDVoK4BxlTvj25V2Yf1LN4zjkx6a9eq+CZ41KLixlIZCCYHJ/pbc/I9a+h8D+1OPNNYs64v59f+jgy+HxVx2Cm7lx+E/KvqfqM46Pvtj9UQ/Kn9RhxPvtvnCh9qPqfgXE79siPxQY9jT5r4Cn8nftUH8ko9mo5x+BUz4XUHR51+dPnEKZNbxB8N5MvuKrlH5Fx/BcnEJQPBxJh/mzT5L5Dj+C5OK3g+HiCH3NHL8oVFicY4iPhuIX+Yqt/gC1eN8TXmkTD3FG/gCwdob9fitVPtRv4GTHaW4Hx2Z+VH9BbLB2oUf4lrIPai0PZIdqrX8UUootBbLF7UWB5mQf8AxotBb+C1O0fDWP8AjEe4o0F/gvXjnDmH/qF+YNMLPxDLcuzAyyAbbLz+Vc232zoqilZVDZyrv9cD9qWkFt7OtMrN4HIP82DtU37TAr7ovu7ny55NFP2OwgEJpTSNXm3T6U38AWSSIo1Mwc49aTYJHI5O8OMAA8+mKl7K6LGchcak046bn8qTfyxlYZpMNkIo3Az+dL8sY+7NsO+nwhIKjduvnXg/ra1B/wAnV470z0O2EHFOEx2/EI1lTTpBPxL0yp6GvmVmyYMnLG6aLlFexPZ8Jm4Gt3DYLJcXs4ILxAllh6LtyLcz8hXveR+qOWKMV9rktmcMSbtlFhwa9vNxCwmU63SbwE55YzzORXlZM+OK3I6m6GC8Ne1GJ43RhudakZ9q4nmU/wBrJ2OuE8KEuJroHuhkKPLNYz8iteh1QHxGyF0RHbqFvIho0rsJgOXs35H359uPOsiimtmsXw/gptHLQrqyCux89q5cqqTFNU9DiOVbqE2lw2IyuFc792fP29KrDm19PI9evx/6MWqfKJjr+xPdXfD7rwujZ8wGB2Ptj8jXpYc0vGzRn/maSiskbRkAHjlKtsynB9K+yXHPD5TR5ycscrXaCbS9a2mLAkZHKvnfL8ThLg/6HtQnHPBSQdaXhuZQ5O5OK4cmLgqIarRoHuB3Tgnpj/WuBQ2CXRDglzI4u42A7tRs3Majt+m/yrTPhVKQZKVM2lrwOz4lw63ngllVowBJCCpG2xAI3Hn1rz83kxw25Lb6+GZRbsNzFbwiJAI1XYKK8+3kdsYpuJWklGDgFhyr0ofbjo24pI1thJ90NTchzrjc+V8jlaM32pjFrfLcRYCXAOrp4xzPzH71phfNOL7RtB2qFyTAgeLntmqcGhsYwtoxjl1rCWyAhrlUUE/9qz4NlJGev7trq6SAYMZbU3y3H7V6GLH9OLn7NapWPOA31wk6W805a1kkAZZN8D06ijNnlOHCTtHNKKTtGnexhnQlW7t8YBIzj3Arzk1dsOTQkLTW/EhFOArq3uCMcx5iu2clxtGqpxtD62nDAefWuFO3TMpInNbGeVTCMknxeQ9a+x/Rv16OLBLD5D3Fa/K+DhzePb5R9hkXDoIsMxLnzYDH0rk8z+0HkZlxj9kfx2OGCMd9nOIRQtBIBHCpCkhlUBht0x+9c0P13ycNrHO9e9miwRk1aFV1FFE6CGRpEKA5Yb565r7n9P8AKjnxpJ26TOHNDi7qgfFd5kcxTDo5RYiJFAESBQBEigZzJ6E/WgDneSD8b/Wi2I++03CjAmk+tPk/kKR3/iF0vKd/nT5y+RcUff8AE7sH/EB91Bp/Ul8i4o+/4xcgeJYW90qvqyDgiJ4wT8dpbt8qPqv4QcDh4tAfi4fH8mIo+ovgXF/J+Y3jbfrj1zn+9ZOzoOJGBH96oJPqd/lSdAiYl0gLHG2r12AotdjqiyWZQwAxqB8+VEhLrZZ3i6cySZJ+Zov0xk/jYKwbGN8tjahgvwXm0YwCZIWa3BwZFGpFPkccj71l9THz43s04yrlWiQzowqKiHqeZrTfbJOxjA2yxY8z0qdjHvZe3aW9ljMiJqQEk8lAzk14n60vtg3rZvg9m14TLZRYtnvJ+8UkArbeE7+r5/KvnJ4sLuUm/wDJUdEoyY5tFaJS8cyTAsXYpnO/mDvXD5OP6knNO/8Af/Ipa0XWv3127A7lAyk8snmP0NU8Kfj1LTXv8fkeyy5u1hj0zRtIrfgGN/mdvnvXHi8ZKaeS0vwN36IrfwTAa45rfCMqqrhuoPIjBxj0r144/EyYvpxTW+/f/v8AgzqSdme4lK1vxANqDg4ZXXkynkRXO/H4Lgzrx/dEJu3SRTdxgh2wJR0Pk3z5H196z/ct9mdV9rKo5sb8qzlEllXaBRPbRXy7vEBFL6r+E/t9K7sM3khxfaCOvtMLxSMG71jYMN6+p/SM7lj+m/8At/2ObyYbU0KruTTJkDNdnm4lOHL2h+Hk4z4vpk+EXOm4ZCf6hXieRjuNnoT07NPcT4gWQsMkda8uELlQoP0M+EwmLhok06e8bXjrnp+VZ+Q5P3pGc3cqNX2SvY7Nro3EmmNkXA5kkHoPma8fzscsiSiJIIv7pbiRyhMYY7DTk/lUYcXGky13ZOz4fazESPcTEg7hVC4Pkc1cssovg4hKb9Glt4bNYgI5pw4/+ooYZ+WK3xLwM6qUnB/naOd/UXoScZjbinASxAjlUiQajsjKdx58s1zY6xeQt/a9GsXxZnZAlpEpE0Nw5YfAxyM8+YHrXdLCm9S1+L/4Hbk+ghpGibQ6lTjbI/3kVzzxSi/uGqYJc3MrlljilfSFJKqWGCT5b9K2w+O5K0XGl2wHhWr7ewkDKwQnDAgjl51r5EXHH/U0yNOOjQ8PgywbGMb15uWdHOx8vENO2reuPhJdBRTdrLxGWA20byzxnkgySp/sd67PD8fNnbxwV2HOME+Qfb2V9AodrWRs8iuGA9dia6sn6R5mJXw/2ZksuOT7G/C7lJJDbO8a3PMRM4D/ACB3rHxf0/yJtqt/l0/8icsorYVcy6CV5Hr6Vl5kcnj/AG5I0KCUtoS31ySWx/Kf7fvXnwuTtm6VAQk+9jUHmv586+3/ALN+Q+cYP4aOLy4/a2XV9secfEUwIkUCOYoAiVoGRK+lOxECKBkGG9AECKBFbCgZWwoEVsKBoqbnQBUwxQFHgbTBvgbG/Inl9KLZp+Cl5D3g+Ejq3ICk2CRIBVOrckjIHSgfZ2SMggkqMefKpGVOcshCswJ5kDB9hTtCosSZdWA5IHPG5zRf5CjWdhbt1u5yuloSFLagGDKTggg7Ee9fPfrn28ckXvZ1+O/tcWb7jfZPhPGYHayiisLzYiSJdKMfJlH6j868Pw/1jPglTfKP5KnjTPMuIWVzwviEtndIEmibB2JXHQjzHrX2fjeVDyYLLD2c0ouOjUfw/iDG/ncBiuiMbb4OSdvkK+f/ALR5WlCC/LOjx12abh9gvfSyEZJY18vlzOlE62FaJbWdJUYhgQQF29hRhyfcpfGyWr0QurkxgTSnMgYk42yc1fKWVtvtnTDGqL+C8RuZI7xu4mktTmTwpty6HlTcZwcYwdfJGWERjeWavKvhQOcFGGyt5ZA2+Yrb6ksGfhkSv8dP4OftaMfcv9ot7mADEts7OgPMDPiX9/lW3LpPpnTH7Wn8kuF3QMIV91IIOOorDJHjOwyLZQZe6ldGJOk7etU48laJYdaMk6SQS/BMpQnyzyPyOD8qWN8JpmbMXxIEMUIxJGSh9DX0H6ZJ486T9izLljYTwXs4vEIkur2RorQ50hCNcu/TyHqflXo/qH6jj8a4ds4sUG3aHFx2b4PcXdqtlw25tZcgNJFdHQFweasCST715Ef1GGSDUo7O1PJ7djePsj3FxE0sgubKM6yCMNkdCBzH/avIzeQ1FuHb0VHJsmLeW5UFRhCS7MeQyf1rmnmUUo2D7sPhtUjQYHzPOuSWRtjsm8egEqC2RyPWkpW9is5cSzuEAmkVPCxXUd8YIz866l5E+PFhGKHvDOLcPnCx3MU1u527xH1DPngit8eH9Pyrjki4v5TIn9SO1sZK4jSW1n7ssuJInH4kOzAeYz9M1vl8SvFlhlTlDcX+CFK5Jr2eUcSSReKy2aNkxzGNfIYPP6VOJJwUvlHcq42MEvJbW1S3iijkjDaiZSZA3sD8PsK0WeNKLirXyZceTuwiG4eOU3NrqtLgrgiPZR5EDp+m1XOaglkSqS/2Eo39r2h7I03ErW3ecaZ1XBOcq56nHMfnXneR5UctKqomK4MpiR45ND5DDoDXBMvsu+zyGVmAJjzkDz86jmqr2VeiT2kjD/FfT0ANaQ8qUVSdEUBrYujgoxVs8wcH1raPmTXUmDoKt7MbmbLEtqJbc8v+1ZZM8pPk3sPwhss0qwpiQsAMb8wKqfmTyY1Ce0QopO0UTXBZgSD4h+eeX6Vxxgl0X2UrJniqhTsG0/LGP2r6H+z0mvJxpfk5/JX2MbGv0Q8o+NAjlHYHKYEaBETQBEjNAECKYyBFAiDCgCpqQytqBMqamMpb2pUDPz8Ci+JVJX+r+1F10albSAnwnLdADsPy3pX8AfB3VxqBJA/3mi9hXwTM/hLEgtnG4zii72C+EWR6GXJYnHM5zn50Ug36OKwOQgULjckUfgLNB2QbF3Op27yMEfI14X65D+6jJen/ALnRgf3NM9RtJm7qKQbK4B9q+Ny4XjqXpnV3oB7T8HXjturwzCG9hQhG05Ei9FJ6eh9a9D9L/UpeHJp7izKcOQo7BwvZSXcN6jRuJFVlfYg46iuv+0WRZvpzxu1T/wBx4ItWay2DJNMSyKkSnWXYAbcvU5GOXka8XF4r8mPJaS7b/wDuzpnJJfyGxR27cPifiIc3AGW7l9K6/QEE1MJ4U3DHBtv8/wDgj7k9Caa1jvLgzRR3MsMT/eIwGk/06tt/St8WHLwcoxr8myzUuLNBPxJ5eFzxCMf4LKirggbYxgcq44wywkk9mNK+xfwe7D8ORSoxEdJ9RXZ5cPq+OpJbiOuM/wCSri1ks8iTrgTqCFkPNh/K3n6HpXJh8qTXCXRfRmLyFLOVBBrMQRTIzrj7w8wPQHb1xmvU1OFezSMnPsE4jNmWGbVv8J9fKlijpxFXaL7SfDc6yyQ0Q0CXtmL3jZB/wn+9kx5DYj5n9a7MefhDm+0LpUaWKNSiqiqqAYVVGwHQCvKy5ZTm5S7ZKXwXrMsKyMcYzzx05V0JJLRtw0au1JeNTkDbIFef9XtNnM0L+KQi30PEMRscEDoaz/c7NIsHiyUXPIis32UfS+FN+nKnHsQulnBYE9FA/M/2rpjDVFpUUB8YOc8hVNWA9seKf8n3c7EhCCp8gdiPp+ldmPybxSxT+Nf8GTx/dcQLinD45eJSTKVDyABiBjI8xXJjztwUb6LukfMkFlAzxRKGAzqPxNj1rb67l9qRK2I7R5HE07NqGsfVt/kNj9a2zzckotnQkujVcMkDW8RB2xXjzuMzGSD7iMMobG4H0pN3tkp0cs2kAxKBnpj9KxlV3E0CzGvMbA1g5bADmYJIuefi/StYW1YHZf8AEcry1aQB6U+6B6Og460kxFJIDjyzn51SAo4dluIRhujE/lX0n9n9+ZFfCZz+X+xj/TjnX6C2krZ5QVNDFZxq1wS0x3EYHw+9fI/qX6823iwa/J2YvH9yM3x7tC8YK2sMfeHZXlGTnoMD1rg8D9Rz4pcMcnK37Ol4IT3IaR6zChl0iTSNQHLON6+9XWzyn26PiKYjhoAiRQDIEUICBoAgaAK2oAqagClxQgKm50BR+eFl1bn70nfGCBT7NNo+MuTsGDf0jYVNj6IEuN8EjmWPKkHZW8iYO7L64/KgEiUeyfGWJGwz0pdjOQse8w2MDkB0p+gY94NcLbX8UzklFyrNuTvt864fO8eWfBKC7/4LxzUZI9P4Ddh4RAxG3w+tfIxa/wAOS7O2S9oLdzGxxtXnTxuDaY1tESUlkaQAB9IyfPHL8qhylSi+i4Iq+0y3GuP+VVGcdc7nz5bV0t8cUYLrtjSSfJhF+txeWiqNCR4xpUbn1Y+ftiso54RlUY1/5FHTsqs+8aGHv5ZZVjH3aO+QmDjYdNsVpnzzmqb0huKT0MUKqNQJz0xXntuwoqtYnilaZE1JKDlEGT74r0/HTUPuVpibXV9DC4Ro4YtZUxTKHQhgdQrkl4U8M05e+g5piLivdJPH9o3t2YJL5hTsT8tiPavX8KF3Fjhb0uzJ8XSS07+CUfewPpb5HmPcHPzqo4+M6ZqpJ00V2NzllGrNTlxksb8PId55epYRj5bn8zXLm+1KJDVjiOYIoGehya4nC2XFWDvOMHHMkA/XO9dEVqjpa0aWz4jHFCihS8hGTkdK89xq9HE1bCHd7u3lDgDI8PoRuKmK+6xLTFqXIVdLHG2abhe0a0RmulKsCfce1OON2FCK4uPupHBySzFfYDA/Wu6ENpGijskshSNNZyQo2pNW9EtFtvI8xMUe7Hb29alwS2xultmhU6kAdtWBjV61ycePRg3bE3aS8ENiwLYY+EGunxIOc1ouCtiixctwcTNnxzk7dQFAFdWX/F4r0jpS2aDs9diW1CZ8SMR+ded5ePjKzDIqZp4iDDj61yRe9mTI28u5B3I8+tZTVO0XF2SM2keYqONlCu9uVPEIlBzkfqyiuvFjf02UlaL45sxKT8Rz+tZSjsT7JGXypcSSp5MHNUogX8OUG+Qj1b6ivoP7ON/9Yl+Gc/lf4bNPbBLeI3EuNR2jU+fnXsfr36pxX/T4nv3/AMHJ4+L/ALmIuMX+BIJDl85z518fbb/k7UjN8FgPE+NGV97e18Z8i5+Efv8ASvrv0Dwd/XkuujHycnGPFezYV9aeaRNMCJ2oBESKAIGgCDCkBWaYFbc6QFbUwKmoApagZ+e0tlQagxx5Yzn3oRpRwlQAGkIPTwjP+lGkHZYUDrk6tONtqG7F0wbuQzAAA71NN6K/JZL93HgLgZ+tFfIHIhkkMoUjc+lOvkB5wLgV5xYqLSS0JLY0vcBCPcGuLP52LxnWXT/g1jilKPJG24dwfivDeHK96sOIzjMUwcgdCcV8j52fBmzOWH2dWO0qkMhc/abXUf8AETY1hNfUjvtFVTKoJvBIRzArllDaNYh3B7cPCJCN2Oo1j5GRp0JjOdESMkHTjp51zRbboa7M/HdKIWy2NDcj5Zx/avQeNtmnFl8l4sbAupKY5cqjHj3siiP/AB+G31Jah8F8jvDkry5Yr04y+nGscf8AMlY3J7D4+JNfKJGxjOwHIef51y5sk8k1zfRMoqOkAdoWD27K2AxXGfOu7xp/3yT7KxKmIe1Rabhlrf8AWW2Ebn+tBzPqR+ldeWP99TKqm4md4dOQgJPLpUZoboqWjQcFuB/wpZGIBLu3/wB1ef5MP72l+BVYcLwPACdxWP06kawjsBvrrTGSNtwMkc66MeO2bS0h9wybvCJJW2boPKvPzxrUThfY++1jusR+EVxKLTIEN9daLhh0O9duPHcbN4bQruuJlE3PiJ5iumHj2zWMdi+5vTpKjdlVE38zua6IYvf8lKIZ9qLxopO561j9OnZFbNBwhO6iMh3dvyFcOaVukYTlboNmuEVCc4zWKTbJSMV2lvWup4YEOWY7gfQV7Ph4ljTmzoxxD71lteGxWyMAIgN/Xqa58ac8jm/Zquyjs7xEx3zozeF8HGetX5eDlBNEZFas3treAoN8npXhyx0+jmaJxzBbjOcahiolG4jiRuJiFkBOM8iPOnCF0aCWK4MnE8k/Dgbn3J/Su1wSxmi6DrK4D24AbGNs+1YZIVIiSLFnJzk+1Q4EnGlpqIDTs8UfiAaQ+BYmYjzx0/Ourw/Kl4k3kit01/mZ5oqUaGPFL5mYvIBjGMDoPKuablJ23tkJejI8Vmlvrxba1GuWU6VHQep8hXo/pvhS8rIor+oTkoK2anhXD04dZJBGdR+J3x8bHma/RcOKOGChH0eXkm5ythJrYgic0gOGmBE0CIGkMgaAK2oArNAFTCmBWevWkB552r/iNNwPjEtlacPtrhI8Bnm1Z1deVdUKSpJMwlt7Z54koiIGFCjqdya5ujqq+gnvo3+HxN7AVTYL8nzxK6Z71ifLPKih2UhSrLswA577mp/gCm6d2PhXSR1I/Slv0CKYz3anfGfPmaLHQ+7K3n2PiK9+AYZPCSd9J6V5H6v4jz4eUe4m/j5KdemeuWF33mEBwAMf32r4KScDraF3EbAWeu7t89z/ANSPGwHUj28q68Gfk0mHapiWSUIJwp54INdDinJGkB/w24KRRnppHLoa87NC2xstvbpAhAxnp61OPG2wRjXuitxKjYAc6cjlv+2QK9mOO4po3Ox3/ewgE+MDGP8AfzqZYeLIkt6B2ddXPbNaJMEPuGTqtlCcgcz+dcmSP95sxntsjxqcOmpWBGMEV3+HC86bHiKoCbzs/eWYAkmVC8SsMgkZOn0yMjbfevWzR4ZFKtB5MG48o9mGiaKSNjaMwbGe5Y5YDrg/iH51pn8fdo4sXmc9ZOx5wif/APoyKCCNR/WvEzw/vmz0YLQQLjShGeu/So+ns3iqF3Ern7sAbAHOK6MMNhNjDg3EcFVBzjl6Vz+Rg9nJI0y3o0bnJxzNeY8TsgT8Wut1bVjGx9vWuzBj9GuLToz0l4WcoDnLDl1FehHF7OitFUl1qKb51uz4z8h+Qq1jr+hX4HnCiJCGJOlOfqa4c+tGE5V0aGO+076tv0rz3iswoX8V4uscMgzggH1roweK5NGkY2ZvgzmfiqzSEEqc/OvR8lKGJxidSVIYcYuCQcHz9cVz+PBAKLS5KXKMraT711zxpxoUujb8I4gGjUg14vkYaZzSQ3lu9Kh+eN65I4r0SuyN7efd7ZIxkH08qePFs1WxXYzZmuGIOoEkZ9F/1rqyx+1L/wC7L9BNncaY0G2joBtvWWSFsJUw2NzuWO3QVhJeiNHzy55UKIDqwj+ywM0hHesP/wDEeVZzoxlK3oE4hfE6Uj1MzkKqKMkknGAOua28TxMnkZFjhtktqKtmw7Mdh72ztjc3fdC+mHiTVnul6Lnz86/SPA/TF4mPiu/Z5ebyPqPXQ3fs7fDkEPs1d/0pGPJA78C4gv8A0c+xpfTkHJA78Iv1520nyFLhL4DkgeSxuk+K3kH/AMaXF/A7RQ8Eo5xuPlRTC0VMrDmpHyoApkOlSzHCjqaai30DaRS8iadWtNOM51DFX9GZP1IkEcSIHQ60P4huKhwkhqSItSpjtFRxmkM/PH8Q5B/5p4gDviU11xqjE40awjDMJMdGb88CuU6tk4ZEZiExv0UYpp3oQfG8dzbRFQiPEhDrnd8E7genL5etZYsnJuD7RnGW9n0cuoELjT6AnFbp+jR7KZIsZdhqJ236UnsAaePB1adI54qWqGWWoRkReYHMAGkqfQ6Nx2Z4wTiCU4dcbk7kV8b+s/pv0pfUgvtf+h3Ycn1I77Ru4ZVkiwdJBGN6+XaaZoZzjfBjEhlsw3dgeKMblRnmPT0r0/H8jlqfZUZK9g9pdaFxnpRkx2zWvYJxG+whUnY7g+XnW2HDbsF2Za5udVydyQQV9vKvUhComl2ij7UUkGDs2/tV/TtB2Ei5yc5ycjFZ/TEjQ20oWzhAIOEFefONzbOeW3Z9dzGS2cEb4yDXo+AqyjjpkOD3Zt7pXVsbg/nmvX8nHzi/wdD+6NGY7SG0t+0F7bXIa2dJdUc8I2KnxDI89+YxyrowyjlxpS7Pns2PhNovtrkfZAFlWQYLF1XTq38vOvI8zElmPX8Jt4lZY8x04BOMc81zKJ3qgDiE2oO2rGMY8/et8UaIk/R9wy80jAO4x1oz4jml2aKK8LjY15ssVEoheMDbyHrpNVj/AHJFQ7M1bTMzNJv4VJx616U4pJI6m6LGYtcRxjAKqq1NVFsOVbNBBKIECqeXP1NcEoubs5m77I3F+QpwelEMNsEZ6fiJnlZWYnfOK9OGDgrNsaGfBZQjg9a5PJjaNbLuIyh4iV51GKNPYCbVqI2rrolmo4LceBMHwjYYrzPIhtmMh5Jcnu8DnXDHHshIqmmPcI+rbTjHqKuMdtG0SixlxHM5IyQ528thWmWO0v4GW2NyupUzkKBvUZIOrBjOO45jYe3WuVwIoMsnBl1tg6TsD51nNUqIm/SGNxeYTcisIw5MzSol2K4ta2XGZuIXNo113P3cGGA0OfibfrjYe5r7z9CwLxcbnKP3P/Q4vLuVJHoifxEsv+pY3K+xU/vX0H/UL4OH6bCU/iDwdvjS7j94gf0NV9eIuEi9O3XAm53Mi+8Lf2p/Wh8hxl8Fq9teAN/+oKv+aNh+1P6sPkXGXwXxdq+BSkhOKWuRzDPj9aayRfTCmELxrg83w8QsW/8A5Vp8l8kgnGls7/hF5BYXdnHdSxFYpVdTpbGxp2vQM8ik7G/xBdSkfE7G5j6g6CD+VNTyroiosBbsn/EG2heEWHD54mbUy92uCaf1ci9f7C4R+TgT+IVpGI27OQtGvIIpA+WDR9af/wDEfCPpg5452st2/wCZ7JzEf06v7UfW+Yhw+GUy9s+IRZ+09mLyP1G/7Uvr4/cR8JfJ5t2it7LinE5r2ew4hC8zFiCvWplkxN2nRUVJCq3lyNJCKD6DH0rnOkIgjiGdTscfy7CivTGwGVEh4uunUsdxGQu+4YHP7fnWGXHyTcdMwyL2M7HiHfSJa3LiOY7JJyWT36BvyPpRgz/UVPsUJ130HyQMjac6Mc9Q3rq/Bun7RQ9oCzENkjrikAGkTRTKrZO+Sc1FUx9h9omljIhCkbhj51GTDHNBwn0yoTeOVo2PBuN95GoZgHzjGetfBeb4EsM3Fo9JNSXJdGqjuFaAHPTevKScXRJmONQiKVpIsKGOSOWDXo4ZXpmsJ6pmU4hcaiQSc9Qa9PFCjQQyzHvPnmu+MLRROWTvELDkDq+tTGNOgTJW7l9K4wW8jSmq2EtGi+1aRjlgY3rz/p3swKHuyU052J89q7PDx1lQeidlcBcOCdhn1r2pK9G8XaFX8QZlbitjMQo7+1B5bEqxH6YrPFipNL0eP50PvFdtcBbNQNhqI/euTJjfPZ2/p7vF/UL7/Ma7n51jw2d7dIEvJw0bHqQNq3xY9kORTw+UhsA+tXngc8nZo7Sc4G9eXkgSFtLqXntWSjQ0Z+2PhbJPiYLjy3zXoT7OlsL4f47mWYjIUnB9ayy6iokZHqg15STXOomVi3idxpiOK6/Hx3IpCm0b/md9/Su/NGo7N4bHfDHIklB5BcbeZrzcy0htn0lzrhGcZ5ULHTHYAZPFgttit+ImzQcEl0qp5VweTExl2ORNqOOlcXGhEZpPumB+H9KcY7LT9FdvOEsWzuTGd/c1U4XP+pZG2uNTbN+dOcNBY0tZGZiWJxXLOKS0RKXEYwXIHKueUDEp4jflIiEJLnZR5npXb+neL9XKrWkDHfD7cWllFDnJUeI+bHc/nX2cEkqPOyS5SbCDVkEDRYis7UwogSR1oERY/OiwK2x5D6UrHRWyr/KKBURDMhyjuh/pYihOgqyxb+9iOYry6Q+azMP3p8n8icY/AQnaHjMQCpxa+X074n9ar6k17Yvpx+AiPtb2ijQsvFbrSoyWfBAHqSMVSy5PTJeOC7LF7bdoNBb7dFMgOkkxxuM88bVS8jKumJYoMqftjxVjmRbFz5m2Wn/1WT8f5A8MTwRo5FcAvsP5cYpGhdCTz3bfbIwKa7CwTjrlUtpgTqSQ74wBTu9EZAgwpeQ6ycatx6Hr+deTmbw5Licy+Aqx4oyFbTiLHI2jl/v5ivRxZ1kjbKjNw2uh2fiwrkqBn0P+lbo6FJPYK4JkGcA8gBSeyui0oiNpZ6NBfwfOxi+8ibxDcgbZri83xo5oP5R0+PlcHT6Zq+B8XE8CMzfhz9K+J8nxuEtHZJbPuMXQaNhmlgx0xGVukMqNhsMN816sHxZcZV2Z65Y75NehBGpO2k1xgZwTlTUzjTFZbw5gZvF+Hf51OVUtBJ6GLz5HPeuZQoyX5KFmzsSd2HWuvx4f3iAtt7jEYGdwSK9KSdm0HQF21xccL4VN+NHkjzn2NaY7jJ/wed+oLpiTh85Nuysd1b9qy8jH91o0/T5fY0wrvSI9hneudY7kd7kCTSlhzrohjoyvRbYtvnkOVY+REzbNBay4AGc15k4iQRNcJDCXkOw5DzrOGNydIpbFkLYiTc5wWOfWuqS2bWF279ymnOfM+dYzXJ2ZSley3vRjNTxEhPxKUv4emfpXf40F2XEHsjhy2NhyrfOm0oo2g9WNeHzBGlc88iuDNjekgbBJ5cPMgO2okDNaxhpNgmUl8sD0OKtRE2PeHyBUT/eK4MsbbM2N0m361xuIHLu6KwMFyKcMdy2NfJCWbRasNzgKo8/9704xuRVldq+oFSQMeXWqmq2OxrFNoGOWwrllGyJliXWkHJFS8dkhPCNN1xNJX3jhGvHTPSvov07CseO/bOfPKo6NR9pTyr0rOE++0J5GgKPjcJ50WBAzx/zCmBBpo/5hQIr71TkaqOwog0qgfEPnQB1Elk/w4pG8iENFE8ortgvEbu14aueI31nanoks6629kXJ/KrWOTVkPNBdGb4h20sI0YcPhuL1xsHZe5jHrk5Y+2BSqK7ZLyt9IVC97VcZ2tybO3brCoiUf/M+I/WhTS6QcZS2zQWnBi0CDjF3PxOQb6Z3JiU+icifU0SyN6ZrHGojGGCK3BEEUcY/oUCoqiiR38xTA8eW+lAAZMDPPlXTyJomLqQ4PhB+pNFiLLtftlkyElnG4x0IpSuvyElqgXhNwU0xMSNey/wCYbEfMYrDyMf1Y/wCxytBt3ClzHvjPnXm45OD6JsqsOKyWLC3uwXiztk7j2r18WVTRadO0PbWdJcSRNrUjAZf97VqdClaLwy5xpDHrttS09DRMEd5qA3Hn50vyNC7h183D+IyQMfu85UHqprw/P8NSto9HFPnFMbXt+JM5PyryseGiroFWQEe9a8aGZ6ZiTht9yPWvRgjayu0c4cDGQQd6rLHaJbLtfdXBKk88gVCjyjsOVoKeRXXOdqxUaIKFmCONbbZHWuvBH7kx1ZbFJoklTqDmuuSfZcZFPHJRJwqBSclZyR7Ff9KqHZy+fXFMT25wWI57Z6UZFf8AQx8CdScS15MgjrUJUz0JyBw2cZ9610ujPsLtHwBnnXNminsnsdW7/lXnTVACcRnMkoUE6F2G/WtsEOKs1WkS1gZIJOMKKniOy8Sb4zWfEyJSyaY8g70QhbGmK7ttXQc8Zr0sUGik6IxHShA3J9KWVcpGqdItE2ghV6bbVm8d22K7Iztk6s4zRBUTZBXIOR0puOmPkMbe5KKmDvneuOeK2yX8jmCfUoNcUoUI+vbgEKoOOS08cPZd62VT3Qkhk0nbX+lVHG01ZKkmW2DFckkHyqMqspMMM+XbeseGhSeyp7hmYIvNvLfaujBg5yRN+z0PgfDxZcPRZB98/jfP5D5CvoYRUVSPOyz5SDTCp/DVmZW8CjkMUqGVmFc86ehWyPcr1GaWg2fC2VwdK7DcnkBQl6REsih2KLzi3CbXI75rqUf9O28X1bZR9T7VnPLix/vdf7mDzyf7ULJe03Ev/wBOs7WyT+Z171z8zgD6Vzy/UYRX2R/zIfKT+5ia4ueNcSkaOa+urgvzjgOgfPTjFEPJz5f2qgjD4RZZdkWPinMVsp5qg1ufc8v1rZY5Pc3ZusfyOrXglrZlTAilx+OQam/Pl8q0UVHo2SS6QYRKdy2cdaYaInvBjDc6BkNU3PNAETLJQB5jcFWXwgbjnyrp2Qgdi652LDkCedK17HRbEWOxYIPIClYMDu0WC4IkJEMuMtjdG6N8qmOnRz5I0w2CcyBllAE8ezgcj/UPQ1yeTh39Rf1MWvRG4ijuI8NnUORrmxylB6EmL7e4uOGzkqcodip5NXp48qmtGsZezTcOvI7xAYCQ34kY7rW/ZrGSfYfspCsPcc80mi0xP2kDr9muhgMh0HT9R+9ZTipdnRgnVxAoL4sAM8sbV52bx0to6k7GsU2VG9efKA7FPEPDK/LHPNduDpWaJgttJic7DB6VvlinHRLkXzOMIwPocVjBXaBSLI5fu9/1qXC3oGwa5kI+EjHWurBHexWXiTWVbmGXJromtFJ0fcQGqyBPRwPqDURe9GHlO8exQrYkB89jWzjyVHn4p8JKRZI2FIzUKO6PVnL2Vht96pk2FwNtvisckRpjZJdERbrjavOlD7qGLQ33wDHA3NdTiuFjci1ZdSJ1y+fzqXCmwUrCg5zt0rncBWVzy5A3yK6MOJFJg0rYVABuBn2zXUlXQXsir4XOfQVPCxuVaIptg561VIXKw6CLvfAOZ5e9c03wVsmUgOTUrsu/hwd63rVkxybout3B2PtvWGXG7s0chtaTDAVcVwZICsG4pfEA9MAnatvH8e9iyZKF9leOY2TI3I/SurPgSaZjjm/ZobObEWpjvivKyQt0dMWfGfrzwM0RgF2aLsJw03/EjcyLmC2wTn8TdB+9ej42KtmGadKj0giu2zjIsD50WwpEGFKwKmXl50wdIT8S41DaM0duBcXI5qPhQ/1H9h+Vc2byoYf3d/BzSzOWo9Gcvrm4vSTf3BdeYhXaMf8Ax6/PNeXl83Nl1HSMaRG1tpbs6LGDUo2aQ7Ivz/YVeLw55NyNIwchxbcAiUZvJGmb+VfCn9zXoY/Gxw3RtHEl2MliSJBHEion8qjFdBr10RYYpgcIoAgwosCBAJzTsCOnAxSsRBlx0ppgeThTgEMB5sa6GSWxyhSTzOPp86PYFqxxN45HAPvRS7Ffopu7T7RCyoUyNx50pJ9oUlaE0MrtH4WIuLfl/UnkfPH6e1Wvu2jmYdDcRzx602PVfI/2rgzYFH7o9CaJSgTJpdaxi3F2hIAaOS1dZIWKsu4IPKuzHl5Fp6H/AA3in2tdDHTc9V6N7f2roUuRrGXyF36farWaBtmYeEnffoaT2bRuLsyEblHKsMEHkehqJxtHZGSTG1rc+EDrXm5cJpZ9dnWuedTjVMdi4sEcY6b867Y7iZtnDdgh1O4ByKaw9MiOXbRfHMDHkH3FQ8dPZqpWU3DkHbPKtMcRNhduyhU1Hl/atHVUDZfeRvLwdrkEhY5VUDPTcE/pUxic3kZLqPwJZNmPLzzW35OMrlYlAwPPY+hoSR0wyNqjqHVy5/pUtUzpTtBcTYIHI1lJFph7SgIFbmRXK4btD5exVdXOg4yd9jXbjxJpM58mX0i6xmZzGD0GdumaxzwSVmmKeqDdZ1ZHTqeWaxhBdGiZB2LEAk71skkXaSInxOcVW+kS5UVyRvqBGoLyG1XGlo45ZW3ZdFE7fhJqddlxy0HMzWcWI0LXUmyKBkjPU1xuMckqk9A8jfQ/7P8AYLivF7F2wsM+ksv2htOs9EH9zgV2Ysc5yfqJlLJxX5M7xjhF/wAGvWteJWstrdLgmOVcEjzHQj1G1XPC0awzqS7IWsh1A7jHTFcWbFV6NuRC8jWWcqZcK45AZIqsNxjtdGOXIk6BLRH5AZBOSa0zTT2ggN0kIUgbkfKuD6dnQpDfgnCLrjF0Le1XYf4kjDwoPU1pjwvthKairPXeF8Pg4ZYx2tqPAnMnmx6k12JUcjbk7YQ3ypiZAnbfnQIizAAkkBQMkk4AHmTRdCb4q2ZbjPGmucwWDskHJ5uTP6L5D15n0ry/J85L7Mf+ZyTk5vfQieRLdAkS5YnAUDJJrgx4Z5nYlb6HXCuAlsT8TGpuYg6D/N/avZweLHGt9nRDFW2PgFVQqhVUbAAYA9hXTZqQagKINzoDogaAKzQBw0AQNFgRNMVHCKQddniyTFt3Z8nodhiu1kBMbF056UB5Dz96jfY2XJA2kMyqpPItk0UKyaQoG3lB686VWF/Aq4kht7pZ4cAZzsNs9RTjpmU1QFM/cXCywZWKQalHl5iqoha0MLe4WRdQyPMeVcWTFxdk1Ra51DBxnl71klxeg6ApI9DakJDDeujHN+x3So0PBeJi7ZYLtgJh8LHbX7+tdMXyNIutMSdowkfGplRQA2lvfbnT40jpx5L0waGXC7VjPGvZ1KQX32oEZx1rCOOmU2L7ssH3yBW+ONaOfI/bF7ticE8s1ulqjnfdjC3k1LjrnOaxlE6MbJyOGbbc5pxj7NbCrSGS5lWGLmeZ8h506t0Y5cvBWaq4s1/4JPaxDYRHTk7kjf8AankVJHJik5uVmHYgqp64+dC7Ymct2UMVO6tsacl8AtESphlIxyO+1P8AcqNceWtMtgcE7HaolE6oyXaDu7muVH2ddb4+Edaw40+gySSQmukc3RR1Ksp06T0NdUahHZyN8mM4VEUYC7E4ya5JPmzqi0lSLl1Ead+f0qkqZqnQXa20k7hIlZ5G6D/e1FLsmWT4NJYcFtraH/mB3tw25IOAvoKZjJ8tME41CtqYNKZWTOQd8HaspwraMMmqob8HtoPs7s8MZfSrAsOWSf7U8cE+xQk26HViILfLxRRI3PKqBgVvGKj0jVmp4JdHvFJY7jnW8JWYzR6Xw+z4V2ksPsXG7K1vY0GUE6BtJ64PMZ9CK6lUkYNtbPMP4z9iOw3ZLhz3Nle3lrxaZSbbhySiUP6sGBZUHnn0FTPB9SLb1+f+PyV/1LjUVs8e7K8Jk4vxWO21KJJs+JxkAYySRXl5YfbUdG+NtytmrH8OeJK5Ec9lp6HUf0xXN9NtnTY64X/DqKFg/EblpvNIVKj6nerWKu9j+obG0tILG3WC0hSGIclQY+fqfU1p0Q3ZaaAIMaBMouJY4ImlmcJGvxMf09SfKpnNQXKWkROSirZjuL8Ue+YocpaqciMc29W8z6chXieR5cs2o9HLKTltima4J0xxAtIxAAUZ38vU08HivIxJWafgXBlslFxcgPeEe4j9B6+texjxxxqoo6oQ4jjO9aFlTHANAyBNIRWx8qBkSaYED6UgImgCJ9KYESKAIk0hHi6zLjwgZJzk12v8EBUMg/Dgt5Cl/AggmV8qXAPUKNzSpj0VTRGM5UEHoOppK2JFMwEsDI5QMdx/Nml3oTVigIZYnh/EPvE/cf78q0UrRh7B4JWhkyPmKcoqS2OhvE4dVYE4xtXDkjwdENEW55A28hSSsPyVuu2U2YdfKri32O6AeJSvPdySyMWYHGTz2ruj0VZG3mGcPzpONnTjzemFE45NlfPyrHi0dKkiLgyKRk56UftZE1yVC94W1gHmds8615ROZxadB/diFAg543J5k1km5OzeNR0QaQIck48tsmtFGxSypaNL2QTvYpnA27zHnyAqorZx5ZcmamNMHSw22FLKvtF47++jzadDDJLE3OOQr9DUL5LfwDnZ+mPOqsQRJ441k6jCt7dDUftJl8nwjVyCPCfOlyaGpuLLViLhndiY4VDac41HNVFqq9lyk8lNjNLKXipkvI1hRy+67jJx51x58qxS4v2OORRVBlp2bubmC8lkubWBLWBpiGYkuBjwrgc9+tXhyRndFfXS0a/+D/ZbhHaHjVzFxeOWW3htXmVVlKZYFQMkb43NbYKySaYnmk+jWrZ8PtO9tbWyjhgDYxGuCfnzNcn11FtPo61jbVi7iXCl095Zg+o8q2U1Lohxa7MV2ogeJbbvAQ2s8x6VOToxyrSD+HnCyKNj9mib/wC4/wB6qH/gzg/vDoZcgA9K1OgaWFwV3yAc8/KqTJkgfjX8UZ+Eo1r2dZGuyMG6Yalj/wAo6n1O1bwy1s5ZJPSMPHw3ivGbLifaC/kknit9LXFxO5Jd2YAKCebb8ugHtROU8itkqKj0em/+GngUPGO03FLq9jMkNtaaQOgd2wPyVvrUYIRkm2jS2uj3r/y/w+3uGEdqTj+Y7VssUF0g5NoIbhPD5RpeCMD+k1XCL9E8mugC57H8NkU6JJIyeuQRWb8eDKWWSMl2j7N3HCUEwJltidnA5Vy5cDgrW0bQy8tMzM80cETyzMEjQZZj0/ufSuac1CPKXRc5qCtmK4vxWS+k1HwQoToTnj1Pmxrw/IzS8iVejjk3J2xHdXPPBIxzzW3jeJyapC7NR2Y4SbWIXl0n/MuPAp/6an/8j+m1evSiuKOvHDirHxOBQaEC2DQBFiDuKAK2NAEKAIE0ARJoERJoGRLfSgXRwmgCJPzoA8N69Plyrv1RmGWvMaQwz0FZ99AHhygzpA9aLF6OZ1eJt88jikUj7ZCCABncDrQlT0FiriC91c94owM6v71UTGapgd7Dg60G1OOtE36I2c+hwpPhNKcOQmMAcjauTr0TVENWG3pV7DYvutpnJ867cbuNssHOxyfOtALYyehPy6UilJrosErIc86nipPZayyLmuV0RiMAl1yxxjSc4x6/61H0ldj+q2fXBZ7MOCQVbB36HlVJJSIk2Lxlmyd8+da1RBuew5Q2ckZbEhcuB6DAqYv7mjOZqmTBB60ZFcWGN1NHnnaGIR8bv0A27zV9R/rWMX0bz/cKpFwARVogJsSrNoY+FxpPp61ExfgkEaNmD7EHBz0qO+iUmyyBtUd2m+8eR8jVpaNE6Nf2etMdn0uI2yBIwkUc18j7GuDzcLa+qv6kSe6O8QYx2VxpJAZNJx5GuTBL76EbH+BjaOK8Q55azZPq6V6eGfHkawVs9Nbg6kk6Rv6Vk4I7ORW3BhjZKFCloHI86/i9YfZLPhLacFp5Fzj+gUp6iY5n0ZaxbF26+div5b/tWsXtfwYR/cW3F9FZQa5W0g8gNy3oK05aOiUlHsznE+MXN6jRjMVudu7U7t7n9qjnydJnLKbnZ92c4Mb+71SnEK7uw5+w9a0i30XCHI3Hb7iMdt2MsuFWqLFFJODoQ4ACDP6kVvKX2NCkqZ6B/wCGRo+HcI4lcS6R9qmAyf5UX+7Gq8ZXAU9M9q4jd27xB2lVFxzJroomxS09vIv3F2ur1G1LTGHWImljIIWQf0NVL8kkOK3dknAL/wC3SiOCOMly/wCHy+eaU2km5dC5cdn5p7QcTN7OUjBW3Q+FT/8A7H1r4/yczzSqPRTk5O2Z+4lP4Tjy9B1NVgwcnSJDezHD1vLr7XcD7iFvAp/G/r7frgV63FQXE6cOO/uZsmm6k0HRREzA4waLCj4vv6UCZWXoAiX286AIl6AIa80ARL0CIF6AId4M7UDPi+1AHNYoA8UTGrA3xz32FdzMmw6BsAlufQKKlgTZmJyzAegpewLBIQoyAP1pOwPgcjmfEd89faivkV2DcRAeDb8P6U6rZM9oGQd5AoP8op7ox7Fc0ZjkK/Sruyuwy1m1ov8AMPXn61jkhRLL3OTke9Yr4F7A7oeJWXkdq3xvVFKgYj02+lb+hny8vWkBKQ7bULQtlXUDJJByKr+R9B9oe8jmi6um3uNxWb7srtACnO/nzqiWOLG5ls47WeBsOjsR5EbbH0rBtqVomSPR+G3sXErFbiHrs6nmjdQa3UuUTL9rMZ2ui0cfuumtI3H0A/asUdU9sSCF5CRGupuZx/vaqRm2TSExDOoMeW3IfPrUSq6EvkpuJDIxaRiTWi0UER97bMJYsZ3zkZBHrWfJXsXs1XBrtrForu2AktZF0Sxefmp/Y1jklLFLk9xfZMqeg3jarHa3AjYmMqrIT1U4I/I15sYKGZU9AjYfwG0Nx+eN2AaSBlTP4jkHH0B+ld8F2a4nvZ76toMDarOiz42Y8qKCzyX/AMQcAi4XwH1upv8A/mtZ5V9uzPK+jyo3Zsb+Gbu+8P2VVCHYHII39KTmocZP4Oe2mJp+8uLhpZ2LOenQD08qxeRzegbbdsgU1yhFHM4A6murGqjQLezbcNiS1tFiTmPiPUnrWyo61GlRnu21133ELeAHaOPJHqT/AKCpySpGM9yPT+xF0/CuztnGhx4NZwcHJOa68WopEscX3aeWZAC2P6WolMqMTsXG3jjDhic+vWkpaG42aLgHaaVXjCyE6j051ccpEofJi/4kdsH43etHbtptFIGBt3rDbWf2rwPP8760uEP2r/Uw72zz6WXGeuTv6muLFG6K7KrSzn4rxOCwtRqmmbBONlHMk+gGTXsY8axouMeTo9Li7NrbwJDCCERdIzz96iUHJ2z0IySSSIPwRxyFT9JlcyluCyjkCPajgw5orbhdyv4m2p1JByRU9hc5zk5ouQvtKntLpc7Z+VHKQUiox3I5pmnzYOKK2Mw5xmnzftC4fkrMjDmjD5U+aBwItN55FPkhcWV98uTg0KcX7BwZITDTvVCaaOd8KKEeQxAggKPeux9mX8BSLoG3M7Z9aQrOyA4IB5UUuwJKNKb7daTD2QaUE+HxHl7UDJCIzRPqJACk7Uu+xP8AbQFA3hXzx+9WjAjfQ6o9Q6dRRdMSYuhcxSA9Ad6qSsoYqwZfMHH0rmlGuyGVTLqBB59KqDpjQGTyroWyjm2fT0oA6eVHfYFB5j+9XtCDLOXTKjZ5Heokk9FohdRCK7kQcgdS+x3FJPVktbCsj7NEBn4mP6VjJbJb2M+BcTl4Zch1BaJvDImfiHp6j/SlGfF2ZyGvamS2u+IxTwyiRWtlDBdiCCefltTk4p8jVu0hFJIFGnG3RRy+nWoTlN/gnsFmkJIyTq/lB/U1rDHxRSVF/DLSOacfaDsRgL5E8s1GXJ6X+ZLlXRORwtxJEwA07bjr5VnCL4KXscVoI4VefZZzHJvE2zKeVatKUd+x99Gj4nIJOHZXdREiAnrjFebkxSx5o/FEhvY66msQLq1fu7iGRJI28mBOPl5+hNaSnwxuXw0K36P1T2d4lDxvgtpxG3AVZ0yUznQw2ZfkQRXZFKS5I6Yz5K0MhHmnxZVnjv8A4jAjWnZ+DWglE00mjPi06VGrHlnIz6Vz+S+ELZlkkeJypjOTlvU15fNzezHplGg59/St06Qwzg1r3nG4x/KQB7mu3xpckxof3UctuxBX0BrdaO7sxd05vePPv8UgUew2qO2crdys38XEBHFpz92Bp0+1dKkauGjq3xl2O/r1qXL5KSoKS4ZogmfzrNvQUgi9vms7LuUY9/MuTv8ACh6e5/T3rzPO8lxX0ovbOfLPk+KMzLIXcnJNedGNIyA5HwNZPov7mvW8XDSUmB61/CHss1vwZuMXUeLm/H3OfwwA7H/5EZ9gPOuyrOjGuKs3jcO9KfE05FbcOH8opcQsqbhw/lpUOypuGjqgo4hyKn4an8lLigsqbhaH8IoodlD8JT+UUUg5MGk4Mh/BS4oOQLLwVDnC0OCHyYFNwMb4UfSpcCuYBPwEb4U1Lxj5gE3AGBOARS4UVzA5OBzqfCTijiw5JnjyZCnR9a9CjlLY/wCrljl5VLBMkAC3i5Z2/wBaPQyMmFUk4LHlRQvZWrBXwCC370/Q+g1MacasqowccqNpUxasVRjEYI6MaI/kw9hUeHjYVTQhNdxd3KR0NVF+hlto+RpJO1ZzjewaCH3XbnWEVQkCSghs9PSulPRXZUcY5YPWqC/RBj8t+lNAV8+tV0gLIDgkHf5+VS1oaDrwa44JRnYaCfbcVC1aCR3P3cY671nLT6IfdBMKYALE5/SspzUfyxVZKSUhTpOAPPp70oQbdsE2wQszErGDnzro1EaJd3oHvSTsbYRbsQQcY3+tYzTZmzkzmfikhOPEwGfPYCqTaxo0j0cu4jDK6nmhx7iqhJNWCYx4bfZi+zzklG2z5etVOKkqYNGi4WrQWUwY7q6fqa87NGsckyXo9G7CdqpuDW1zbbvAxEygH4Tyb/8AE1HiZWouPwaYX91P2aq4/idDZ2jzSRSMyjwoCBrboM9K6X5HFWzoyRUFbPJONcVvOO8SuOI8Tl7y5m3OOSKOSqOijkK8nyPIeZ2zh7diWVRqJIqYOtjOLHgFj0q3LQwvhpaGdJI/jDa/oCa9Hx3xhQ4K5IYT8bbuXM8edKk59QK2jmXTO6UaTaMf2eUPxESycly5P+/Wmr5I5YI0rzxbgyACtXJfJ0bPlv40X7oM7DpyqHkgvY+MmGcJe5mkkuroItpBzQHeRz8KfufT3rDN5axwcq/gyzPgu9nLu5knlkeRizOcknrXhRubuT7OVAbtq8PInmfIeddeDH9WfH0P8jfsTwA9qu1Vrw86ls1+9uWH4YV5gerZCj1b0r2ox1r+Bw2z9RRwRKqpGERFAVVXYKAMAD0A2rTgb2dMA6AGjiwsi1uPKhoLK2tlPSlQWVNbL5UqCyprQeQo4jsqa0FJodlbWgzsBSoLK2sgelFBZU1gPKjiFlD8PB6U6FZQ/DR0FKh2Dvwz+mhoaZQ3CgfwilQ7PyfCCzBRso/Oulv0ZlwXG53xyFRQyvUCzH9Kar2BWzjGQNPl5mjsZ9Gm2o0l+QYSjFVAyNjvR2IHijzasdshjVLo5W90fWx8YH6VVWF2C8Ujzk43prTKi/QsQlXBG2OdNq0MOVwyg7kHnWMoNCIt4iRj29KcGNFBBNaehlbjbmaBUUnz5flV2q2MkhIcHpRdgNIV721mTmVGtdvKsZadlNaslbx6iDnAArGToy12iyd9AycAVMIX2OgeMSXMgVBn9hXQ2oofSCUiWIYH1xzqG7TbEmccZ/1o2B9EcEZ86ib9EHLMauIAZzmTf6051GKNfQx43HidXA55B+tcnizttL5ITFGSrDBr0OykzU8E4i09s9vJ8Zxg+eK5fIxuUGo9ikmaXg8+kxOTkA4YenI/ka8jFP6eZW9PRCb7QBxK47+7YI2qKIkKR18zV+RK3xXSNcuR5GQZ9sVyJW7RmREZbA8/Sqc6WhJEp1xpUUsbvYy+2XE8APJgw/8AtNelgl6Lh+5AnaIiHhcm3ichB+/5CtopWdud1GvkC7MQBo5nPooqpezHCt2Ovs4PQVFM6S+2sTNMkcSqXbYZ5DzJPkNzQ0TKXFWwq8lRRHb23/p48hTyLHqx9/0wK8fNm+rK10ujglLm+TF8p+LB2G1TBCB3JSEk83/IV7XiYuMb9sT0ansbfycFtpZYiyTXGCxU48I5D9TW88lSpHXix/bb9mpj7bX6HadtuhNT9R/JpwDIv4gX6AeJWq1lol4wu3/iXepnvURxn2xVrM/YvpDGD+J0f/Xtl+Rp/WT7QvptDGD+I3C5B97G6Gn9WDFwkg2Dttwab/q6fc01KD9i4y+A+LtFwqXlcp9aacX7FsITiXDpfguY8+9FJ+wtlyvbyDwSofY0+AciWhGzpdTj1pODDkcNuDvnPtRxY+RB7XNLiFlZtPSlxCyBtBnAHrRxCz8S2zMx8PLHOtG60OrO3D63zk7bUmBFsAeE7e9D+R0Vr4mJK89hnrQwLiWxgkeHypXWhHFByF9fpRaHXwX2q5jlU9GNVG2jjyfuoEde7lB5CrVgqZVekMh5Gjsa0xOw3J50/RoWQSYBXcjnUTWgLiSGByNqSXoRyUdRVLYWVNyOBn3oQylhjNXsDhG/z8qaJsZcOl0TIeh2I86ymkXaDIMLGzHYA+fKuWVuRC7ATmaXP4eldS+1DoY8JUC5VBndSPfauZtykmRZKQYZvLNa0BRKdsenWhDK4/fkaUloTLeEjPEIs8tdKb0X6NHxO2zwu/dxuksSqfcsT+WK4/Gjx5P8mXbozEq+fyrsizQlaTPBMrAnwnNaP5HZtLabvLcNFsJRz8vOvF83DwnzXTIaBnbD6Ryrm9WBONu8k9AKX7UJbGES58XyFc0n6HeylzqlYjcCt8a0AZCpM0XoTz9jXZ48v7z+hcP3IRdr5d7WAern9B+9dsFqzfPLaiMOzkPd8MU4+Mk70MvCtWM9OMn86k2YYWFnaEHaeZfFnmqdB89ifTArg83PX91H+pxZp8nS6QsZttW+a89L0Ygjt3hVAfi5+1dvj4+c0v8AMZEA3FyF5L+gFe2nUXIeOPKVDgEjGk4A5VzHorRwsx65FJgR1t1NIZ0Ow6mqEfd4fOpHZ8JWA5n60xaPjK3nTt9ASW4lXGljn3othotXiE64Ac0chUXx8YuU+GWRf8rEVXKhcbC4u0nEVHhvbhfZzTU36YuK+A6DtjxaMjTfzfM5q1ll8k/TQwg/iBxZMargN7qBVrNL2S8aDov4i8RHxMhPquar6rF9MMj/AIj3h5pAfXBp/VYnjR+aVYImnHLnWtewsgrb5PPG3oKQzqgyHnSYj47HYY9BRQE48s7DpyNMC3c6ccyaljCbQeOUHnqqsZy5U+QLfR4XOOVXX9DOOxdK2qI+3nT9Fp7FhxnFBocGxyM0AEB9WN6zCy5BqAU8z51L0JlLppO3KtQKCPFzxtTT9AQ9frT0ARbtgA7bVL+RoYX0quESPYMoZwPPyrOMUvuBlWBGoX8R3P8AapnIzsYcI/8AXRD5VlVNE2TuRiVs1rXyNOgaTGT546UIbKoviwfapmLvRdwbe/iyR8Y/WjI3o0ZsuLxj/wArGQc5Jl1e6oR/auTHJfS//sZLUjHyLgeWD0raD2UmVtGDnG3pmnypaGnsd9nbnZ7ZjzGU361n5EPqwddrYWFXJ0OTXmQV9kvRdYjKZPNqjLpgM/hT22rjqxsqhGpx710w6DoPt18S79CfyNb+LTyf0Lx/uRju0Mvf8ckUZxHiMY9Of616KdKy8jubNfZR9zaQx/yoKH2dMFUUHWka+KaUZih3IP4m/Cvz6+gNZZcixwc2RmnxjrtgV3I0szMx1EnUSfM14btybfbOP8AUrbc+fX0rSNoKB9emJmz4nOBtyFez4mLhG12xBvC4dMRlOxfl7f7/AErfI90jswRpcmGHNZHQtHxoaAjjHlSGfU+2L+Tm/XpSA5+tAHDypgRPnmkB9nlSA+z60DIlsH3pbQvR8GP/AGpptCJd565qrA73mPKnYqOiU/zVXIKPOch+YOOZzXd7MT748joOZpNAXgaUOeQ2qf5BJkNyfnin/Aei5E0kDz51PasC9Fy48sZpd9D9MItB/wAxIMbEA/tV4u2c2dU0yviafd7c61ZiuxBKcA5FBotgLc9/qKCiHXPKnXsLLImwMEbc6mdAEIdxtvUMT2fSuBOVONLAfOnFa/gEqRXNGVAIzpO2f2NNPY31ZSRk1evQycOc7HnSdNCsY2EJlmGQSoNZN/ApSDuL2fdFZ4h922FYfyn/AFFZNEIr4U2L+Ek7Bsc/Ws5dp/kEFcQXTcOD1rofYAMh3O1KhlcWdftUz+RMu4P/AOtiwBjWDSyu6Lelo2N+S/Z5k/CsqyH5qy/rivJwTbjOH5TJrZlHGV9xyrui9iIxjIGKTYdFkLm3uklXoc1pCVlDjiTDKld9W6+xrh4cZtEPsLshhVrkyOm6GGyHEZHrsa5ktjJW4wTjoK3tqLQBqEJlzsEQsfpW/hq5t/gvG/vTMPw9TecUDNuZJNX1Nek/SFFts3yxSNC8qIzRRnDOB4VzyyeQ+dJW+jvbS7YJNxu2biUPC7VBcQrG5kmDFfGQPGvmBjG/QVl5OKDg3P11/wAnFO5XNlMrZIzzx9K8NIz7A521HQB8XP0FdmDF9SSXoLIQobq4WNNk5ZHQdTXtJ8V/sVCPJ0h6FAACjAAwBWPs9DRw0h9kTyoA+3xSYEdzzp/yI+/SgZ8fypICO9OgONyo2K6PgM4pd9gRIyKNAQI32pdMf8HBnlv8qAO5+lMCBOPOpYI+1elFgYAgsSBsBzNeozmLYkIwfOp7Y+iUh6bCgNklGSSM46UvwBei5O+221TYdF4XxCkxlq+CWNz0Ok+x/wBcURlUkzLNHRPiK/dZI+VdT62cj7Mvd+Fjil6NlQCaL2URPn6U+wPkJBBHL0oq9CCo89OfnWUq9g/kruxlUYZ22qod0hWWW0oZDkDOMMp6inJcRshcRd2QR8LfCaItMVn0IywPlvihjRoeGwhEXP8AvNZpezKbt0xozR6jFMAYZfCwoaXRIllgaw4oInOcMCrY2YdDWE7iU6aC+LDFy3pWrYR1sXORgigq7K4RljvvUZNkvRbwkgXkR/qHOjIVJ+zbhO94fcxDJ1QsR6lfEP0rw8Uv75r5AyPMA4xyr0V2T7IxEDAxz6U5Id/JORdSHbaoTqVsEw/WZbK1YndSUPy3/eqzR3yBjK1OFHoM15mTsFsKkbKryzWMNvYwi1HnyzW0k1ED7i8hi4VdFN2dO7X1LED9K38Jdv0NOjO2Drw371AktzyUkZVT6D8R/wB711SyO6iJSfou4rdXbw6r2ZmlI0xwgBQgPmBt5bVUZW1Gy7tl3Z7h720bzTgd7KPxcwv+tcXneQpf3cekEnehhcNgEmuKKvRFAUj4XOfG/wCQr2vGxcY/liG/DLfuYAzDDvufQdBWs3bpHbhhxj+WF8/SoNrs+35cxT6CzhFICLDNKgOAU6C/k+0+dIZ8BzyKYrOEDpSAgQaAPhQHo+PI0UBAj6VLWwI48qdAiBGOVTuhkTnnSoZ0nbH71Viow0MbsdyNPWvSbOVljMAcDYCkUV7sdvrSbGrL0Q7DnjFJ9gqCVUY386kf5L1XxBuvSgRPuwyFTtqGKn0J77OvmW03+MbMPUV1QfKKZwyjxdGY4guCd6frRcBc3XGdjTRZDlv/AK0AffP8qYBFu22Kzkq2DLZEDxsu3LIqE6EARv3MoIzzwRjpW/4GxooEsbR5BDbqfX/e1Y3TsllVohMmnGP2qpMZpLcYto2I3Y5oRhJ7LOJBjASvxKc0pKh3sCvbgT2lpIf8RCUPtWM1or2W8VbU6t0ZQfyoi7iqBWLWPh/tVDsjBjXvjGc+dRkTYnpk+GnF0hP8wFPKrLl0b6zcLKmvkGwfY/8AevnuXHIpP5JZjtGFxnYbV6a/cSVRczvVzeqD8hIXOV5Cse0HQRZbwzRHcghx8uf5GtZSbhZemMrc+FjvvtXmTEgpz4gDms4bex/gLthtv7860yriqYdi/j9yS0drHnOe8b9AP1NdWGLjD8sl7F0Mi2xBTDTfzDcJ7evrWnB/9pSTGPD+H65BdXW/VVP6mufPnUF9PH37Y260g+V8KWbmf94rgUbYgCVu8c5PhXdvfyr0PEw8ny9IWyfDYTdXZd/gTxMOnoK9RtxV+2bYocn+B8M5yayOw4OVAH2AKQEetFDsiw25bUgI5pgcJz51LA5k0D6O74qrEc96QHBjOOlCA+IpiImk0Mgd/ejYEW26VIEcbYzTQzh+VDsRjB19K9FoworHiG/TaperAvRAQOdEiqLYwPzNR10HwXY8WOmcUVphHZeo60pEouUDu9XUCnQ10QAxclR8Lrkj2OK0xKrOfyUtMz3F0A7zHQ1o9Myh8CZhhzVGtFZOR7UCPsU6saRKA7gdKTRD/bYWjHAO2SM1g3cqBIBulCzHHma6I/tQ2GWDExA53XlWeT4Bdh8CAGcjYhqn2JqkOjtbxkeVP8mJObxRnPWOrlH0THqzPTsRIF6fF86yn0zoroaXniit8nnGKyxK4maADuregrX3RbRyHZyOnP8AKs8j0Q/ghZNi5XGPiqcm4lyN3GxB6dK+eybkwXRlzt9RXqNezJkYgPEPInFVOTuhlyDce9ZyVRsbYTZ/+sQeZKn2IqoP0W/kMtiQvzrhmTe6C23lXPv+dRhVvYxhb7Ln0q8/oBDxQ4uJ3/FJIyk+gwABXXi2khpFvA7eN3d3XUUGwPLnS8ybx4vt9lPSHcjFYwR1GTXkdEAMpyD6cq2hsPQEzHRGvQrrPqa93BFKCSJTtj/hkSxWcenm41E+tOXbPRxpKKoKNQy0cbbFAM+HKgCP4aQIhS9lI4xwPlRLoSKzzx86TGdWmhHx5c6EBHng9aOxneYo9kncbUwI0ARB25CjoD7Gc0n7ArPMCkP0QO4pDR//2Q'),(5,'John','Doe','testUsername','password',23,'m',76,220,'I','testEmail',0,0,0,0,200,'testGoal',0,'0',0,'0',0,'testAnswer',0,NULL,NULL,NULL,NULL,NULL),(6,'John','Doe','jkjk ','lucky',16,'M',38,456,'I','jkjk@vt.edu',0,0,0,0,783,'Active',0,'0',0,'0',0,'hospital',0,NULL,NULL,NULL,NULL,NULL),(7,'Kevin','Vu','hungtvu','password123',21,'M',66,130,'I','hungtvu@Vt.edu',0,2,0,0,145,'Active',0,'0',0,'0',0,'vietnam',0,NULL,NULL,NULL,NULL,NULL),(8,'Isis','djdj','she','k',17,'F',50,464,'I','djdjdhdhehehdh',0,2,0,0,65,'Active',0,'0',0,'0',3,'shsjd',0,NULL,NULL,NULL,NULL,NULL),(9,'hello','hi','testimony','p',16,'M',39,78,'I','snsjs@Ben.edu',0,2,0,0,465,'Active',0,'0',0,'0',0,'bietnam',0,NULL,NULL,NULL,NULL,NULL),(10,'Ricky','Yates','ryates7','Rjgrey23',22,'M',68,145,'I','rickyya93@outlook.com',0,1,0,0,140,'Active',0,'0',0,'0',0,'Rihlands',0,NULL,NULL,NULL,NULL,NULL),(11,'Long','Chowder','rjones','password',22,'M',51,271,'I','rjones@vt.edu',0,2,0,0,300,'Active',0,'0',0,'0',0,'Doe',0,'Chickpea-Scramble-with-Zucchini-and-Thyme-1600298, ','Monster-Cookies-1595924, Belly-Blaster-Smoothie-1600047, Easy-Beef-Stroganoff-1601085, ','Strawberry-Goat-Cheese-Crostini-1600981, ','Deviled-Eggs-with-a-Kick-1600362, ',NULL),(12,'Kevin','Vu','hungtvu','password',21,'M',66,13,'I','hungtvu@vt.edu',0,0,0,0,164,'Lightly Active',0,'0',0,'0',4,'lucky',0,NULL,NULL,NULL,NULL,NULL),(13,'test1','testlastname','test1','password',98,'M',51,457,'I','test1@gmail.com',0,1,0,0,880,'Active',0,'0',0,'0',4,'poop',0,NULL,NULL,NULL,NULL,NULL),(14,'John','Doe','brobohn','12345678',0,'M',72,210,'I','ben@robohn.com',0,0,0,0,0,'0',0,'0',0,'0',0,'blank',1800,'Eggs','Sandwich','Chicken','Milkshake',NULL),(15,'TestFirst','TestLast','testWeb','password',21,'M',65,130,'l','testWeb',0,1,100,1,100,'100',100,'1',100,'1',0,'Hello',NULL,NULL,NULL,NULL,NULL,NULL),(16,'Ben','Robohn','brobohn1','12345678',0,'M',0,0,'I','ben@robohn.com',0,0,0,0,0,'0',0,'0',0,'0',0,'0',NULL,NULL,NULL,NULL,NULL,NULL),(17,'Jared','schwalbe','jareds94','password',22,'M',72,170,'I','jareds94@vt.edu',0,1,0,0,160,'Active',0,'0',0,'0',0,'Londonderry',0,NULL,NULL,NULL,NULL,NULL),(18,'Ben','Robohn','brobohn2','12345678',0,'M',0,0,'I','ben@robohn.com',0,0,0,0,0,'0',0,NULL,0,'0',0,'hi',NULL,NULL,NULL,NULL,NULL,NULL),(19,'I','b','jb ','password',18,'F',98,150,'I','j@v.com',0,1,0,0,130,'Very Active',0,'0',0,'0',2,'huhugrs ',0,NULL,NULL,NULL,NULL,NULL),(20,'C-MAC','McQuay','C-MAC','password1',22,'M',65,195,'I','csmcquay@gmail.com',0,3,0,0,180,'Very Active',0,'0',0,'0',0,'Stevan',0,NULL,NULL,NULL,NULL,NULL),(21,'Kevin1','Vu1','testapp1','password',17,'M',66,130,'I','test@vt.edu',0,1,0,0,150,'Active',0,'0',0,'0',0,'Blacksburg',0,NULL,NULL,NULL,NULL,NULL),(22,'Poppingggg','Chow','poppin','password',22,'F',90,100,'I','poppin@vt.edu',0,1,0,0,60,'Very Active',0,'0',0,'0',0,'Blacksburg',0,NULL,NULL,NULL,NULL,NULL),(23,'Thomas','Chowder','tchowder','password',21,'M',73,117,'I','tchowder@vt.edu',0,0,0,0,140,'Active',0,'0',0,'0',0,'Blacksburg',0,NULL,NULL,NULL,NULL,NULL),(24,'djdjd','hehehe','poo','password',19,'M',65,738,'I','poo',0,1,0,0,481,'Very Active',0,'0',0,'0',1,'poo',0,NULL,NULL,NULL,NULL,NULL),(25,'Mukund','Katti','mukund23','hcmswab45',22,'M',69,170,'I','mukund23@vt.edu',0,1,0,0,160,'Active',0,'0',0,'0',0,'Washington DC',0,NULL,NULL,NULL,NULL,NULL),(26,'Test','Timer','testtimer','12345678',99,'M',72,200,'I','timer@test.com',0,0,1553,NULL,0,'0',NULL,NULL,NULL,NULL,0,'hi',NULL,NULL,NULL,NULL,NULL,NULL),(27,'Test','Timer','testtimer2','12345678',99,'M',72,200,'I','timer2@test.com',0,0,1553,NULL,0,'0',NULL,NULL,NULL,NULL,0,'hi',NULL,NULL,NULL,NULL,NULL,NULL),(28,'Test','Timer','testtimer3','12345678',99,'M',72,200,'I','timer3@test.com',0,0,1553,NULL,0,'0',NULL,NULL,NULL,NULL,0,'hi',NULL,NULL,NULL,NULL,NULL,NULL),(29,'testprogress','test','testprogress','password',17,'M',52,127,'I','test@Vt.edu',0,2,0,0,120,'Very Active',0,'0',0,'0',0,'Blacksburg',NULL,NULL,NULL,NULL,NULL,NULL),(30,'Don','Draper','ddraper','identity',42,'M',74,190,'I','draper@madmen.org',0,0,0,0,175,'Active',0,'0',0,'0',0,'New York City',NULL,NULL,NULL,NULL,NULL,NULL),(31,'Omid','Anvar','omid8','fattyfatty',22,'F',56,250,'I','omid@vt.edu',0,0,0,0,248,'Lightly Active',0,'0',0,'0',1,'Shreveport',NULL,NULL,NULL,NULL,NULL,NULL),(32,'Filip','Gouglev','goldenstriker','jabroni8',22,'F',56,50,'I','gstriker@vet.edu',0,3,0,0,100,'Lightly Active',0,'0',0,'0',0,'Bungalow',NULL,NULL,NULL,NULL,NULL,NULL),(33,'Timothy','Street','civilServant','infinity',57,'M',86,150,'I','thebest@vt.edu',0,3,1710,0,200,'Very Active',0,'0',0,'0',0,'Ghana',NULL,NULL,NULL,NULL,NULL,NULL),(34,'test','djdj','testwww','password',15,'M',51,76,'I','yu@Vt.edy',0,0,0,0,64,'Active',0,'0',0,'0',1,'Ann\'s',0,NULL,NULL,NULL,NULL,NULL),(35,'test','test','testestest','Password1!',20,'F',0,0,'I','a@a.a',0,0,561,NULL,0,'0',NULL,NULL,NULL,NULL,0,'0',450,NULL,NULL,NULL,NULL,NULL),(36,'cx','fff','djdj','password',65,'M',87,776,'I','Susie',0,1,0,0,866,'Active',0,'0',0,'0',2,'Dj',0,NULL,NULL,NULL,NULL,NULL),(37,'test','timer','timer','Password1!',0,'F',0,0,'I','j@j.com',0,0,655,NULL,0,'1',NULL,NULL,NULL,NULL,0,'no',450,NULL,NULL,NULL,NULL,NULL),(38,'Islss','djdj','all','password',16,'F',71,766,'I','jakes',0,0,0,0,766,'Active',0,'0',0,'0',1,'dks',0,NULL,NULL,NULL,NULL,NULL),(39,'j','b','jbjbjb','Password1!',0,'F',0,0,'I','j@j.com',0,0,655,NULL,0,'1',NULL,NULL,NULL,NULL,0,'No',450,NULL,NULL,NULL,NULL,NULL),(40,'test','gogogo','hello123','password',30,'F',38,76,'I','lsksks@Vt.edu',0,1,1032,0,686,'Very Active',0,'0',0,'0',0,'lol',1200,NULL,NULL,NULL,NULL,NULL),(41,'Web','Test','webtest','Lettmein1!',20,'M',72,200,'I','web@test.com',0,0,2090,NULL,0,'0',NULL,NULL,NULL,NULL,0,'hi',0,NULL,NULL,NULL,NULL,NULL),(42,'Webbbb','Test','webbbbtest','Password1!',99,'M',72,200,'I','webbbb@test.com',0,0,1553,NULL,0,'0',NULL,NULL,NULL,NULL,0,'hi',0,NULL,NULL,NULL,NULL,NULL),(43,'Web','Test','webtest0','Password1!',99,'M',72,200,'I','web0@test.com',0,0,1553,NULL,0,'1',NULL,NULL,NULL,NULL,0,'hi',0,NULL,NULL,NULL,NULL,NULL),(44,'Test','Web','webtest1','Password1!',99,'M',72,200,'I','web1@test.com',0,0,1553,NULL,0,'0',NULL,NULL,NULL,NULL,0,'hi',0,NULL,NULL,NULL,NULL,NULL),(45,'Test','Web','webtest2','Password1!',99,'M',72,200,'I','web2@test.com',0,0,1553,NULL,0,'0',NULL,NULL,NULL,NULL,0,'hi',0,'test','test','test','test',NULL),(46,'Web','Test','webtest3','Password1!',99,'M',72,200,'I','web3@test.com',0,0,0,0,0,'0',0,'0',0,'0',0,'hi',0,NULL,NULL,NULL,NULL,NULL),(47,'test47','skis','testrecipe ','password',18,'M',51,250,'I','t@vu.edu',0,2,2154,0,390,'Active',0,'0',0,'0',0,'Blacksburg',4338,'',NULL,'','',NULL),(48,'Ojas','Mhetar','ojmhetar','Hello!23',21,'M',67,160,'I','ojmhetar@gmail.com',0,2,1770,NULL,170,'2',NULL,NULL,NULL,NULL,0,'Blacksburg',3280,NULL,NULL,NULL,NULL,NULL),(49,'Kevin ','Vu','kevintvu ','password',18,'M',51,300,'I','hungtvu@vt.edu',0,1,2466,0,200,'Active',0,'0',0,'0',0,'Saigon',2891,'',NULL,'','',NULL),(50,'Corey','McQuay','csmcquay','Password1!',22,'M',65,220,'I','csmcquay@gmail.com',0,2,2112,NULL,200,'2',NULL,NULL,NULL,NULL,0,'Monterey',2560,NULL,NULL,NULL,NULL,NULL),(51,'Duke','Forsyth','duke289','Michigan1!',24,'M',69,180,'I','dukef@vt.edu',0,1,1900,NULL,160,'2',NULL,NULL,NULL,NULL,0,'dc',1860,NULL,NULL,NULL,NULL,NULL),(52,'test','djdj','rjones','password',18,'M',37,600,'I','ask ask',0,1,4162,0,300,'Active',0,'0',0,'0',0,'Saigon',5222,'','','','',NULL),(53,'djd','djdjd','testrecipe','password',17,'M',63,30,'I','bandbox',0,2,939,0,660,'Active',0,'0',0,'0',3,'Malala',2455,'','','','',NULL),(54,'wild','djdjd','tchowder','password',17,'M',44,600,'I','slams',0,3,4257,0,300,'Very Active',0,'0',0,'0',0,'Saigon',6844,'','','','',NULL),(55,'j','j','jjjj','Password1!',22,'F',72,170,'I','jj@jjj.com',0,1,1629,NULL,160,'2',NULL,NULL,NULL,NULL,0,'blacksburg',1740,NULL,NULL,NULL,NULL,NULL),(56,'test2','hello','jjlin','password',20,'M',64,300,'I','jjlin@Vt.edu',0,1,2617,0,200,'Active',0,'0',0,'0',0,'China',3099,'','','','',NULL),(57,'test','djdjdh','jjlin3','password',17,'M',57,660,'I','lin@boo.com',0,1,4797,0,300,'Active',0,'0',0,'0',0,'lol',6096,'','','','',NULL);
/*!40000 ALTER TABLE `User` ENABLE KEYS */;
UNLOCK TABLES;

--
-- Table structure for table `UserIndex`
--

DROP TABLE IF EXISTS `UserIndex`;
/*!40101 SET @saved_cs_client     = @@character_set_client */;
/*!40101 SET character_set_client = utf8 */;
CREATE TABLE `UserIndex` (
  `UserID` int(11) NOT NULL,
  `ChallengeType` varchar(255) NOT NULL,
  `Ind` int(11) NOT NULL,
  PRIMARY KEY (`UserID`,`ChallengeType`)
) ENGINE=InnoDB DEFAULT CHARSET=latin1;
/*!40101 SET character_set_client = @saved_cs_client */;

--
-- Dumping data for table `UserIndex`
--

LOCK TABLES `UserIndex` WRITE;
/*!40000 ALTER TABLE `UserIndex` DISABLE KEYS */;
INSERT INTO `UserIndex` VALUES (1,'Cardio',0),(1,'Core',0),(1,'Lower',0),(1,'Upper',0),(1,'Weekly',1),(2,'Cardio',0),(2,'Core',0),(2,'Lower',0),(2,'Upper',0),(2,'Weekly',2),(3,'Cardio',0),(3,'Core',0),(3,'Lower',0),(3,'Upper',0),(3,'Weekly',0),(4,'Cardio',0),(4,'Core',0),(4,'Lower',0),(4,'Upper',0),(4,'Weekly',1),(5,'Cardio',0),(5,'Core',0),(5,'Lower',0),(5,'Upper',0),(5,'Weekly',7),(6,'Cardio',0),(6,'Core',0),(6,'Lower',0),(6,'Upper',0),(6,'Weekly',0),(7,'Cardio',0),(7,'Core',0),(7,'Lower',0),(7,'Upper',0),(7,'Weekly',1),(8,'Cardio',0),(8,'Core',0),(8,'Lower',0),(8,'Upper',0),(8,'Weekly',0),(9,'Cardio',0),(9,'Core',0),(9,'Lower',0),(9,'Upper',0),(9,'Weekly',0),(10,'Cardio',0),(10,'Core',0),(10,'Lower',0),(10,'Upper',0),(10,'Weekly',0),(11,'Cardio',0),(11,'Core',0),(11,'Lower',0),(11,'Upper',0),(11,'Weekly',1),(12,'Cardio',0),(12,'Core',0),(12,'Lower',0),(12,'Upper',0),(12,'Weekly',0),(13,'Cardio',0),(13,'Core',0),(13,'Lower',0),(13,'Upper',0),(13,'Weekly',0),(14,'Cardio',0),(14,'Core',0),(14,'Lower',0),(14,'Upper',0),(14,'Weekly',0),(15,'Cardio',0),(15,'Core',0),(15,'Lower',0),(15,'Upper',0),(15,'Weekly',0),(16,'Cardio',0),(16,'Core',0),(16,'Lower',0),(16,'Upper',0),(16,'Weekly',0),(17,'Cardio',0),(17,'Core',0),(17,'Lower',0),(17,'Upper',0),(17,'Weekly',0),(18,'Cardio',0),(18,'Core',0),(18,'Lower',0),(18,'Upper',0),(18,'Weekly',0),(19,'Cardio',0),(19,'Core',0),(19,'Lower',0),(19,'Upper',0),(19,'Weekly',0),(20,'Cardio',0),(20,'Core',0),(20,'Lower',0),(20,'Upper',0),(20,'Weekly',0),(21,'Cardio',0),(21,'Core',0),(21,'Lower',0),(21,'Upper',0),(21,'Weekly',0),(22,'Cardio',0),(22,'Core',0),(22,'Lower',0),(22,'Upper',0),(22,'Weekly',0),(23,'Cardio',0),(23,'Core',0),(23,'Lower',0),(23,'Upper',0),(23,'Weekly',0),(24,'Cardio',0),(24,'Core',0),(24,'Lower',0),(24,'Upper',0),(24,'Weekly',0),(25,'Cardio',0),(25,'Core',0),(25,'Lower',0),(25,'Upper',0),(25,'Weekly',0),(26,'Cardio',0),(26,'Core',0),(26,'Lower',0),(26,'Upper',0),(26,'Weekly',0),(27,'Cardio',0),(27,'Core',0),(27,'Lower',0),(27,'Upper',0),(27,'Weekly',0),(28,'Cardio',0),(28,'Core',0),(28,'Lower',0),(28,'Upper',0),(28,'Weekly',0),(29,'Cardio',0),(29,'Core',0),(29,'Lower',0),(29,'Upper',0),(29,'Weekly',0),(30,'Cardio',0),(30,'Core',0),(30,'Lower',0),(30,'Upper',0),(30,'Weekly',0),(31,'Cardio',0),(31,'Core',0),(31,'Lower',0),(31,'Upper',0),(31,'Weekly',0),(32,'Cardio',0),(32,'Core',0),(32,'Lower',0),(32,'Upper',0),(32,'Weekly',0),(33,'Cardio',0),(33,'Core',0),(33,'Lower',0),(33,'Upper',0),(33,'Weekly',0),(34,'Cardio',0),(34,'Core',0),(34,'Lower',0),(34,'Upper',0),(34,'Weekly',0),(35,'Cardio',0),(35,'Core',0),(35,'Lower',0),(35,'Upper',0),(35,'Weekly',0),(36,'Cardio',0),(36,'Core',0),(36,'Lower',0),(36,'Upper',0),(36,'Weekly',0),(37,'Cardio',0),(37,'Core',0),(37,'Lower',0),(37,'Upper',0),(37,'Weekly',0),(38,'Cardio',0),(38,'Core',0),(38,'Lower',0),(38,'Upper',0),(38,'Weekly',0),(39,'Cardio',0),(39,'Core',0),(39,'Lower',0),(39,'Upper',0),(39,'Weekly',0),(40,'Cardio',0),(40,'Core',0),(40,'Lower',0),(40,'Upper',0),(40,'Weekly',0),(41,'Cardio',0),(41,'Core',0),(41,'Lower',0),(41,'Upper',0),(41,'Weekly',0),(42,'Cardio',0),(42,'Core',0),(42,'Lower',0),(42,'Upper',0),(42,'Weekly',0),(43,'Cardio',0),(43,'Core',0),(43,'Lower',0),(43,'Upper',0),(43,'Weekly',0),(44,'Cardio',0),(44,'Core',0),(44,'Lower',0),(44,'Upper',0),(44,'Weekly',0),(45,'Cardio',0),(45,'Core',0),(45,'Lower',0),(45,'Upper',0),(45,'Weekly',0),(46,'Cardio',0),(46,'Core',0),(46,'Lower',0),(46,'Upper',0),(46,'Weekly',0),(47,'Cardio',0),(47,'Core',0),(47,'Lower',0),(47,'Upper',0),(47,'Weekly',0),(48,'Cardio',0),(48,'Core',0),(48,'Lower',0),(48,'Upper',0),(48,'Weekly',0),(49,'Cardio',0),(49,'Core',0),(49,'Lower',0),(49,'Upper',0),(49,'Weekly',0),(50,'Cardio',0),(50,'Core',0),(50,'Lower',0),(50,'Upper',0),(50,'Weekly',0),(51,'Cardio',0),(51,'Core',0),(51,'Lower',0),(51,'Upper',0),(51,'Weekly',0),(52,'Cardio',0),(52,'Core',0),(52,'Lower',0),(52,'Upper',0),(52,'Weekly',0),(53,'Cardio',0),(53,'Core',0),(53,'Lower',0),(53,'Upper',0),(53,'Weekly',0),(54,'Cardio',0),(54,'Core',0),(54,'Lower',0),(54,'Upper',0),(54,'Weekly',0),(55,'Cardio',0),(55,'Core',0),(55,'Lower',0),(55,'Upper',0),(55,'Weekly',0),(56,'Cardio',0),(56,'Core',0),(56,'Lower',0),(56,'Upper',0),(56,'Weekly',0),(57,'Cardio',0),(57,'Core',0),(57,'Lower',0),(57,'Upper',0),(57,'Weekly',0);
/*!40000 ALTER TABLE `UserIndex` ENABLE KEYS */;
UNLOCK TABLES;

--
-- Table structure for table `UsersProgress`
--

DROP TABLE IF EXISTS `UsersProgress`;
/*!40101 SET @saved_cs_client     = @@character_set_client */;
/*!40101 SET character_set_client = utf8 */;
CREATE TABLE `UsersProgress` (
  `uid` int(11) NOT NULL,
  `pid` int(11) NOT NULL,
  PRIMARY KEY (`uid`,`pid`)
) ENGINE=InnoDB DEFAULT CHARSET=latin1;
/*!40101 SET character_set_client = @saved_cs_client */;

--
-- Dumping data for table `UsersProgress`
--

LOCK TABLES `UsersProgress` WRITE;
/*!40000 ALTER TABLE `UsersProgress` DISABLE KEYS */;
INSERT INTO `UsersProgress` VALUES (1,1),(14,5),(14,6);
/*!40000 ALTER TABLE `UsersProgress` ENABLE KEYS */;
UNLOCK TABLES;

--
-- Table structure for table `WeeklyChallenges`
--

DROP TABLE IF EXISTS `WeeklyChallenges`;
/*!40101 SET @saved_cs_client     = @@character_set_client */;
/*!40101 SET character_set_client = utf8 */;
CREATE TABLE `WeeklyChallenges` (
  `ChallengeName` varchar(255) NOT NULL,
  `Description` varchar(255) NOT NULL,
  `PointsAwarded` int(11) NOT NULL,
  `Ind` int(11) NOT NULL,
  PRIMARY KEY (`ChallengeName`)
) ENGINE=InnoDB DEFAULT CHARSET=latin1;
/*!40101 SET character_set_client = @saved_cs_client */;

--
-- Dumping data for table `WeeklyChallenges`
--

LOCK TABLES `WeeklyChallenges` WRITE;
/*!40000 ALTER TABLE `WeeklyChallenges` DISABLE KEYS */;
INSERT INTO `WeeklyChallenges` VALUES ('Max-out-bench','Max out your bench this week.',10,1),('Max-out-dl','Max out your deadlift this week.',10,3),('Max-out-ohp','Max out your overhead press this week.',10,4),('Max-out-squat','Max out your squat this week.',10,2),('Run-10-Miles','Run a total of 10 miles in a week.',10,7),('Run-5-miles','Run a total of 5 miles in a week.',10,5),('Run-8-miles','Run a total of 8 miles in a week.',10,6);
/*!40000 ALTER TABLE `WeeklyChallenges` ENABLE KEYS */;
UNLOCK TABLES;
/*!40103 SET TIME_ZONE=@OLD_TIME_ZONE */;

/*!40101 SET SQL_MODE=@OLD_SQL_MODE */;
/*!40014 SET FOREIGN_KEY_CHECKS=@OLD_FOREIGN_KEY_CHECKS */;
/*!40014 SET UNIQUE_CHECKS=@OLD_UNIQUE_CHECKS */;
/*!40101 SET CHARACTER_SET_CLIENT=@OLD_CHARACTER_SET_CLIENT */;
/*!40101 SET CHARACTER_SET_RESULTS=@OLD_CHARACTER_SET_RESULTS */;
/*!40101 SET COLLATION_CONNECTION=@OLD_COLLATION_CONNECTION */;
/*!40111 SET SQL_NOTES=@OLD_SQL_NOTES */;

-- Dump completed on 2016-05-02 10:42:58
