<?xml version="1.0" encoding="UTF-8"?>
<project-private xmlns="http://www.netbeans.org/ns/project-private/1">
    <editor-bookmarks xmlns="http://www.netbeans.org/ns/editor-bookmarks/2" lastBookmarkId="0"/>
    <open-files xmlns="http://www.netbeans.org/ns/projectui-open-files/2">
        <group>
            <file>file:/Users/ojmhetar/Projects/BetterU/BetterUWeb/src/java/com/betteru/managers/ProfileViewManager.java</file>
            <file>file:/Users/ojmhetar/Projects/BetterU/BetterUWeb/src/java/com/betteru/managers/AccountManager.java</file>
            <file>file:/Users/ojmhetar/Projects/BetterU/BetterUWeb/src/java/com/betteru/managers/Constants.java</file>
            <file>file:/Users/ojmhetar/Projects/BetterU/BetterUWeb/src/java/com/betteru/managers/ChallengesManager.java</file>
            <file>file:/Users/ojmhetar/Projects/BetterU/BetterUWeb/web/MyProgress.xhtml</file>
            <file>file:/Users/ojmhetar/Projects/BetterU/BetterUWeb/web/CreateAccount.xhtml</file>
            <file>file:/Users/ojmhetar/Projects/BetterU/BetterUWeb/src/java/com/betteru/sessionbeanpackage/AbstractFacade.java</file>
            <file>file:/Users/ojmhetar/Projects/BetterU/BetterUWeb/web/template/headerTemplate.xhtml</file>
            <file>file:/Users/ojmhetar/Projects/BetterU/BetterUWeb/src/java/com/betteru/sourcepackage/Challenges.java</file>
            <file>file:/Users/ojmhetar/Projects/BetterU/BetterUWeb/web/index.xhtml</file>
            <file>file:/Users/ojmhetar/Projects/BetterU/BetterUWeb/src/java/com/betteru/sessionbeanpackage/UserFacade.java</file>
            <file>file:/Users/ojmhetar/Projects/BetterU/BetterUWeb/nbproject/build-impl.xml</file>
            <file>file:/Users/ojmhetar/Projects/BetterU/BetterUWeb/src/java/com/betteru/managers/RecipeEntry.java</file>
            <file>file:/Users/ojmhetar/Projects/BetterU/BetterUWeb/web/Challenges.xhtml</file>
            <file>file:/Users/ojmhetar/Projects/BetterU/BetterUWeb/web/template/siteTemplate.xhtml</file>
            <file>file:/Users/ojmhetar/Projects/BetterU/BetterUWeb/web/template/footerTemplate.xhtml</file>
            <file>file:/Users/ojmhetar/Projects/BetterU/BetterUWeb/src/java/com/betteru/managers/ExerciseManager.java</file>
            <file>file:/Users/ojmhetar/Projects/BetterU/BetterUWeb/src/java/com/betteru/sourcepackage/ProgressPK.java</file>
            <file>file:/Users/ojmhetar/Projects/BetterU/BetterUWeb/src/java/com/betteru/managers/RecommendationManager.java</file>
            <file>file:/Users/ojmhetar/Projects/BetterU/BetterUWeb/web/SignIn.xhtml</file>
            <file>file:/Users/ojmhetar/Projects/BetterU/BetterUWeb/src/java/com/betteru/managers/LoginManager.java</file>
            <file>file:/Users/ojmhetar/Projects/BetterU/BetterUWeb/web/RecommendationWorkout.xhtml</file>
            <file>file:/Users/ojmhetar/Projects/BetterU/BetterUWeb/src/java/com/betteru/sourcepackage/Progress.java</file>
            <file>file:/Users/ojmhetar/Projects/BetterU/BetterUWeb/src/java/com/betteru/sourcepackage/Photo.java</file>
            <file>file:/Users/ojmhetar/Projects/BetterU/BetterUWeb/src/java/com/betteru/sourcepackage/User.java</file>
            <file>file:/Users/ojmhetar/Projects/BetterU/BetterUWeb/web/Recommendations.xhtml</file>
            <file>file:/Users/ojmhetar/Projects/BetterU/BetterUWeb/src/java/com/betteru/sourcepackage/UsersProgressPK.java</file>
            <file>file:/Users/ojmhetar/Projects/BetterU/BetterUWeb/src/java/com/betteru/sessionbeanpackage/ChallengesFacade.java</file>
            <file>file:/Users/ojmhetar/Projects/BetterU/BetterUWeb/web/MyAccount.xhtml</file>
            <file>file:/Users/ojmhetar/Projects/BetterU/BetterUWeb/src/java/com/betteru/sessionbeanpackage/UsersProgressFacade.java</file>
            <file>file:/Users/ojmhetar/Projects/BetterU/BetterUWeb/web/DailyProgress.xhtml</file>
            <file>file:/Users/ojmhetar/Projects/BetterU/BetterUWeb/web/EnterUsername.xhtml</file>
            <file>file:/Users/ojmhetar/Projects/BetterU/BetterUWeb/src/java/com/betteru/sourcepackage/UsersProgress.java</file>
            <file>file:/Users/ojmhetar/Projects/BetterU/BetterUWeb/src/java/com/betteru/sessionbeanpackage/ProgressFacade.java</file>
        </group>
    </open-files>
</project-private>
